,set2
0,4216.025879
1,4226.922852
2,4226.410156
3,4218.846191
4,4223.461426
5,4238.205078
6,4242.563965
7,4243.974121
8,4245.769043
9,4235.512695
10,4228.846191
11,4234.615234
12,4243.333496
13,4245.897461
14,4241.666504
15,4234.615234
16,4230.256348
17,4230.384766
18,4225.384766
19,4214.102539
20,4213.846191
21,4224.615234
22,4224.230957
23,4213.333496
24,4213.461426
25,4220.897461
26,4218.461426
27,4216.922852
28,4225.641113
29,4227.563965
30,4227.05127
31,4229.102539
32,4223.846191
33,4212.307617
34,4215.897461
35,4229.102539
36,4224.358887
37,4212.94873
38,4212.563965
39,4215.384766
40,4216.538574
41,4213.205078
42,4205.384766
43,4201.794922
44,4204.871582
45,4201.666504
46,4202.563965
47,4201.410156
48,4186.282227
49,4187.307617
50,4205.641113
51,4205.769043
52,4195.384766
53,4197.692383
54,4202.307617
55,4205.512695
56,4214.743652
57,4215.256348
58,4207.307617
59,4201.794922
60,4198.974121
61,4202.179688
62,4209.487305
63,4208.461426
64,4199.615234
65,4193.717773
66,4188.589844
67,4179.743652
68,4180.641113
69,4193.077148
70,4200.769043
71,4195.256348
72,4185.769043
73,4183.333496
74,4186.666504
75,4189.102539
76,4187.179688
77,4193.846191
78,4203.077148
79,4195.256348
80,4182.05127
81,4182.820313
82,4193.077148
83,4197.692383
84,4193.205078
85,4184.871582
86,4182.436035
87,4188.717773
88,4188.077148
89,4181.922852
90,4189.230957
91,4196.282227
92,4184.230957
93,4181.922852
94,4194.230957
95,4192.820313
96,4183.717773
97,4180.384766
98,4178.846191
99,4182.692383
100,4182.436035
101,4174.358887
102,4174.871582
103,4176.282227
104,4171.922852
105,4174.743652
106,4176.025879
107,4168.077148
108,4167.436035
109,4172.436035
110,4168.205078
111,4172.436035
112,4185.384766
113,4180.641113
114,4172.307617
115,4182.692383
116,4189.358887
117,4182.692383
118,4183.461426
119,4182.179688
120,4175.512695
121,4181.538574
122,4189.358887
123,4184.487305
124,4178.333496
125,4179.102539
126,4185.0
127,4204.615234
128,4383.461426
129,4378.717773
130,4374.487305
131,4356.538574
132,4340.897461
133,4350.128418
134,4366.153809
135,4371.410156
136,4366.282227
137,4361.538574
138,4356.922852
139,4349.871582
140,4341.666504
141,4337.692383
142,4335.512695
143,4337.307617
144,4344.615234
145,4332.563965
146,4316.794922
147,4325.512695
148,4330.384766
149,4314.615234
150,4304.230957
151,4310.0
152,4311.538574
153,4306.025879
154,4305.512695
155,4299.743652
156,4284.230957
157,4279.358887
158,4282.563965
159,4268.974121
160,4255.384766
161,4254.615234
162,4253.333496
163,4252.563965
164,4251.794922
165,4247.179688
166,4244.871582
167,4248.205078
168,4247.179688
169,4235.512695
170,4228.846191
171,4233.333496
172,4230.256348
173,4209.230957
174,4203.077148
175,4214.230957
176,4212.05127
177,4198.974121
178,4192.179688
179,4185.512695
180,4185.769043
181,4195.641113
182,4186.794922
183,4167.307617
184,4170.512695
185,4171.794922
186,4148.846191
187,4142.05127
188,4157.05127
189,4150.769043
190,4133.589844
191,4135.128418
192,4137.307617
193,4126.666504
194,4121.538574
195,4126.410156
196,4125.769043
197,4117.94873
198,4115.128418
199,4116.025879
200,4107.436035
201,4094.102539
202,4091.538574
203,4090.897461
204,4091.794922
205,4102.05127
206,4104.487305
207,4091.281982
208,4079.615479
209,4074.743652
210,4071.410156
211,4075.256348
212,4072.435791
213,4058.589844
214,4059.230713
215,4067.307617
216,4063.461426
217,4054.358887
218,4051.410156
219,4054.615479
220,4060.769287
221,4060.384521
222,4061.923096
223,4073.461426
224,4075.897461
225,4071.410156
226,4074.230713
227,4079.358887
228,4083.461426
229,4076.794922
230,4062.94873
231,4060.641113
232,4065.384521
233,4057.307617
234,4044.358887
235,4038.589844
236,4024.871826
237,4007.05127
238,4010.0
239,4021.410156
240,4014.102539
241,4003.718018
242,4008.076904
243,4002.564209
244,3997.564209
245,4006.794922
246,4010.384521
247,4010.384521
248,4013.333252
249,4010.641113
250,3999.358887
251,3990.897461
252,3992.94873
253,4002.05127
254,4001.666748
255,3994.102539
256,4074.871826
257,4080.256348
258,4071.025635
259,4050.384521
260,4051.666748
261,4066.025635
262,4067.179443
263,4069.102539
264,4074.230713
265,4062.692383
266,4057.692383
267,4076.153809
268,4083.846191
269,4074.743652
270,4070.256348
271,4062.564209
272,4051.794922
273,4049.871826
274,4055.769287
275,4051.923096
276,4034.358887
277,4030.897461
278,4039.871826
279,4034.743652
280,4026.923096
281,4032.564209
282,4027.179443
283,4015.0
284,4026.538574
285,4032.435791
286,4011.666748
287,4004.102539
288,4019.487061
289,4016.025635
290,3999.358887
291,4003.333252
292,4004.615479
293,3989.487061
294,3990.512939
295,4002.94873
296,4004.358887
297,4004.487061
298,4005.0
299,4000.0
300,3996.666748
301,3992.94873
302,3984.871826
303,3986.794922
304,3980.384521
305,3958.718018
306,3960.641113
307,3978.461426
308,3975.0
309,3965.769287
310,3972.94873
311,3977.179443
312,3972.435791
313,3973.846191
314,3977.435791
315,3972.820557
316,3966.666748
317,3969.871826
318,3970.384521
319,3964.230713
320,3957.94873
321,3953.974365
322,3953.205078
323,3957.307617
324,3953.205078
325,3944.743652
326,3947.692383
327,3947.820557
328,3944.615479
329,3947.820557
330,3949.487061
331,3948.846191
332,3949.487061
333,3937.307617
334,3921.538574
335,3932.820557
336,3947.435791
337,3944.102539
338,3947.435791
339,3961.923096
340,3960.512939
341,3945.384521
342,3942.435791
343,3945.897461
344,3937.564209
345,3928.205078
346,3927.05127
347,3917.179443
348,3903.333252
349,3908.076904
350,3917.820557
351,3918.589844
352,3918.846191
353,3924.743652
354,3929.358887
355,3926.538574
356,3930.256348
357,3937.94873
358,3931.538574
359,3931.410156
360,3945.0
361,3938.076904
362,3915.0
363,3924.230713
364,3944.743652
365,3932.05127
366,3920.512939
367,3937.179443
368,3942.179443
369,3925.897461
370,3927.564209
371,3942.94873
372,3940.256348
373,3928.333252
374,3924.615479
375,3936.794922
376,3955.128174
377,3950.641113
378,3927.307617
379,3924.487061
380,3941.794922
381,3944.743652
382,3940.0
383,3944.871826
384,4352.820313
385,4355.769043
386,4357.692383
387,4358.589844
388,4367.820313
389,4375.641113
390,4370.641113
391,4371.794922
392,4384.743652
393,4383.205078
394,4374.615234
395,4385.512695
396,4397.436035
397,4390.384766
398,4382.436035
399,4385.128418
400,4387.563965
401,4384.102539
402,4379.102539
403,4380.0
404,4393.333496
405,4401.538574
406,4395.512695
407,4392.307617
408,4393.589844
409,4386.538574
410,4375.512695
411,4377.307617
412,4380.384766
413,4377.436035
414,4379.871582
415,4379.871582
416,4365.512695
417,4354.102539
418,4360.769043
419,4363.589844
420,4356.410156
421,4356.794922
422,4360.128418
423,4353.846191
424,4344.615234
425,4341.538574
426,4342.94873
427,4345.0
428,4336.666504
429,4325.512695
430,4321.153809
431,4313.461426
432,4306.794922
433,4313.461426
434,4314.358887
435,4298.333496
436,4290.512695
437,4302.436035
438,4309.230957
439,4300.769043
440,4288.205078
441,4284.615234
442,4290.384766
443,4293.461426
444,4289.102539
445,4279.871582
446,4272.692383
447,4274.871582
448,4281.538574
449,4278.589844
450,4271.282227
451,4278.974121
452,4279.615234
453,4265.512695
454,4267.820313
455,4278.205078
456,4270.897461
457,4259.102539
458,4260.256348
459,4259.615234
460,4252.436035
461,4246.538574
462,4243.717773
463,4243.589844
464,4247.436035
465,4253.974121
466,4249.487305
467,4238.333496
468,4243.077148
469,4250.641113
470,4236.922852
471,4226.153809
472,4235.256348
473,4230.384766
474,4214.871582
475,4221.794922
476,4232.436035
477,4221.282227
478,4205.641113
479,4197.692383
480,4198.461426
481,4210.384766
482,4217.563965
483,4214.102539
484,4211.025879
485,4207.563965
486,4206.666504
487,4211.410156
488,4215.0
489,4216.410156
490,4215.384766
491,4212.692383
492,4214.230957
493,4217.179688
494,4218.333496
495,4213.461426
496,4207.563965
497,4209.102539
498,4213.333496
499,4212.307617
500,4206.282227
501,4203.205078
502,4204.487305
503,4202.05127
504,4192.307617
505,4188.589844
506,4186.794922
507,4173.717773
508,4166.538574
509,4162.692383
510,4147.563965
511,4136.282227
512,4244.615234
513,4242.179688
514,4233.333496
515,4225.897461
516,4238.205078
517,4247.94873
518,4241.666504
519,4242.692383
520,4248.077148
521,4240.0
522,4231.025879
523,4235.0
524,4230.384766
525,4214.615234
526,4218.589844
527,4234.230957
528,4235.512695
529,4231.922852
530,4235.512695
531,4236.153809
532,4228.974121
533,4222.563965
534,4218.461426
535,4214.615234
536,4216.410156
537,4219.615234
538,4211.025879
539,4205.512695
540,4213.333496
541,4217.05127
542,4214.487305
543,4216.794922
544,4216.794922
545,4211.922852
546,4212.563965
547,4211.153809
548,4203.717773
549,4200.641113
550,4201.794922
551,4202.307617
552,4203.205078
553,4203.077148
554,4198.077148
555,4200.641113
556,4204.871582
557,4191.410156
558,4177.563965
559,4183.077148
560,4188.205078
561,4182.692383
562,4192.05127
563,4207.436035
564,4197.179688
565,4180.384766
566,4184.743652
567,4190.0
568,4175.641113
569,4166.025879
570,4177.820313
571,4187.307617
572,4183.461426
573,4190.256348
574,4199.102539
575,4189.871582
576,4182.94873
577,4182.436035
578,4171.922852
579,4163.589844
580,4168.717773
581,4170.897461
582,4167.692383
583,4168.974121
584,4168.589844
585,4160.128418
586,4155.256348
587,4156.153809
588,4156.538574
589,4170.256348
590,4188.333496
591,4177.820313
592,4156.794922
593,4160.512695
594,4168.333496
595,4160.128418
596,4154.487305
597,4154.743652
598,4150.641113
599,4150.641113
600,4156.794922
601,4158.717773
602,4148.205078
603,4130.384766
604,4126.025879
605,4136.410156
606,4145.769043
607,4150.641113
608,4153.205078
609,4150.641113
610,4151.922852
611,4156.922852
612,4153.333496
613,4154.743652
614,4170.0
615,4186.153809
616,4192.307617
617,4198.589844
618,4209.487305
619,4205.0
620,4195.128418
621,4197.307617
622,4204.358887
623,4206.794922
624,4200.769043
625,4192.179688
626,4184.743652
627,4178.461426
628,4169.615234
629,4165.256348
630,4172.307617
631,4172.692383
632,4156.922852
633,4135.128418
634,4127.692383
635,4128.589844
636,4131.153809
637,4146.538574
638,4153.974121
639,4141.153809
640,4137.94873
641,4136.922852
642,4139.615234
643,4137.179688
644,4127.05127
645,4125.512695
646,4134.487305
647,4139.102539
648,4139.743652
649,4138.461426
650,4128.717773
651,4122.563965
652,4129.615234
653,4133.077148
654,4127.05127
655,4123.974121
656,4127.179688
657,4127.563965
658,4118.333496
659,4108.589844
660,4107.179688
661,4112.563965
662,4113.077148
663,4108.333496
664,4109.743652
665,4114.743652
666,4115.512695
667,4117.179688
668,4123.717773
669,4125.384766
670,4119.230957
671,4118.589844
672,4119.871582
673,4116.410156
674,4116.025879
675,4122.05127
676,4122.179688
677,4116.922852
678,4118.846191
679,4122.820313
680,4121.282227
681,4115.769043
682,4107.94873
683,4108.333496
684,4116.153809
685,4120.512695
686,4120.897461
687,4115.0
688,4107.563965
689,4113.589844
690,4126.282227
691,4123.717773
692,4113.974121
693,4115.641113
694,4120.897461
695,4122.436035
696,4122.436035
697,4121.282227
698,4123.461426
699,4121.410156
700,4114.102539
701,4114.871582
702,4118.846191
703,4113.589844
704,4107.05127
705,4105.897461
706,4106.282227
707,4107.94873
708,4113.974121
709,4121.538574
710,4121.538574
711,4110.641113
712,4106.282227
713,4111.538574
714,4112.692383
715,4110.256348
716,4107.05127
717,4109.102539
718,4118.461426
719,4119.871582
720,4111.025879
721,4107.307617
722,4109.487305
723,4105.384766
724,4102.05127
725,4112.436035
726,4123.461426
727,4118.077148
728,4109.487305
729,4116.025879
730,4123.846191
731,4122.436035
732,4121.666504
733,4121.282227
734,4120.769043
735,4119.615234
736,4115.512695
737,4109.358887
738,4105.384766
739,4111.282227
740,4120.0
741,4115.384766
742,4110.512695
743,4119.871582
744,4124.487305
745,4118.846191
746,4120.512695
747,4122.05127
748,4113.205078
749,4111.282227
750,4117.179688
751,4120.128418
752,4123.974121
753,4124.487305
754,4119.743652
755,4126.282227
756,4140.0
757,4135.256348
758,4125.641113
759,4134.871582
760,4142.05127
761,4140.384766
762,4137.94873
763,4131.538574
764,4131.410156
765,4133.205078
766,4123.077148
767,4124.102539
768,4123.333496
769,4121.922852
770,4113.589844
771,4108.077148
772,4106.922852
773,4111.794922
774,4114.615234
775,4112.563965
776,4112.436035
777,4109.487305
778,4094.487061
779,4082.307617
780,4082.435791
781,4083.333252
782,4081.410156
783,4087.692383
784,4094.358887
785,4085.512939
786,4081.538574
787,4091.281982
788,4094.358887
789,4090.512939
790,4092.05127
791,4096.025879
792,4096.666504
793,4101.538574
794,4107.563965
795,4103.974121
796,4093.076904
797,4087.820557
798,4090.0
799,4090.769287
800,4090.512939
801,4090.384521
802,4090.384521
803,4092.692383
804,4095.256348
805,4100.897461
806,4106.538574
807,4112.179688
808,4119.230957
809,4121.922852
810,4120.897461
811,4121.282227
812,4116.922852
813,4107.05127
814,4111.666504
815,4123.589844
816,4118.461426
817,4112.05127
818,4119.743652
819,4124.358887
820,4119.615234
821,4120.769043
822,4120.769043
823,4120.769043
824,4133.974121
825,4138.461426
826,4128.333496
827,4131.794922
828,4142.179688
829,4138.333496
830,4137.05127
831,4143.333496
832,4132.94873
833,4117.307617
834,4116.025879
835,4122.692383
836,4125.641113
837,4125.512695
838,4130.384766
839,4140.0
840,4141.282227
841,4128.717773
842,4120.0
843,4121.922852
844,4129.358887
845,4137.307617
846,4138.846191
847,4136.025879
848,4135.256348
849,4135.641113
850,4134.487305
851,4135.769043
852,4135.128418
853,4133.717773
854,4139.871582
855,4145.641113
856,4142.179688
857,4138.077148
858,4144.487305
859,4154.743652
860,4152.436035
861,4151.410156
862,4163.974121
863,4165.769043
864,4144.358887
865,4134.871582
866,4148.589844
867,4154.487305
868,4150.0
869,4151.666504
870,4154.487305
871,4154.615234
872,4157.179688
873,4157.820313
874,4155.0
875,4155.128418
876,4149.358887
877,4143.974121
878,4146.666504
879,4149.230957
880,4149.871582
881,4152.307617
882,4149.615234
883,4145.128418
884,4149.871582
885,4155.0
886,4155.384766
887,4157.307617
888,4159.871582
889,4156.153809
890,4149.615234
891,4149.487305
892,4152.94873
893,4154.230957
894,4153.974121
895,4155.256348
896,4097.436035
897,4097.179688
898,4090.384521
899,4080.128174
900,4075.384521
901,4083.333252
902,4090.512939
903,4090.256348
904,4092.05127
905,4093.974365
906,4097.307617
907,4104.743652
908,4108.846191
909,4113.589844
910,4121.410156
911,4123.589844
912,4122.179688
913,4122.94873
914,4124.871582
915,4121.153809
916,4114.615234
917,4116.538574
918,4123.974121
919,4123.077148
920,4119.871582
921,4121.666504
922,4121.153809
923,4118.974121
924,4122.179688
925,4124.615234
926,4120.384766
927,4118.846191
928,4124.102539
929,4122.563965
930,4117.179688
931,4121.666504
932,4122.820313
933,4114.871582
934,4114.871582
935,4121.538574
936,4127.307617
937,4129.871582
938,4128.589844
939,4128.333496
940,4135.128418
941,4140.512695
942,4132.179688
943,4125.769043
944,4126.794922
945,4124.358887
946,4120.641113
947,4121.025879
948,4121.410156
949,4118.589844
950,4120.512695
951,4123.333496
952,4121.922852
953,4125.128418
954,4125.256348
955,4115.769043
956,4112.436035
957,4120.512695
958,4122.94873
959,4122.94873
960,4123.589844
961,4115.897461
962,4113.461426
963,4122.692383
964,4125.128418
965,4125.641113
966,4128.589844
967,4125.512695
968,4123.205078
969,4125.256348
970,4124.102539
971,4123.461426
972,4123.974121
973,4119.871582
974,4117.692383
975,4125.384766
976,4128.461426
977,4122.692383
978,4128.717773
979,4140.0
980,4133.205078
981,4123.589844
982,4127.692383
983,4129.487305
984,4124.487305
985,4125.256348
986,4128.205078
987,4127.05127
988,4120.128418
989,4116.153809
990,4119.871582
991,4122.307617
992,4120.641113
993,4121.794922
994,4125.384766
995,4123.974121
996,4119.615234
997,4119.743652
998,4121.153809
999,4118.589844
1000,4120.384766
1001,4123.461426
1002,4117.94873
1003,4124.102539
1004,4137.563965
1005,4130.769043
1006,4121.922852
1007,4129.102539
1008,4128.205078
1009,4120.641113
1010,4123.974121
1011,4125.769043
1012,4122.436035
1013,4123.333496
1014,4121.666504
1015,4123.461426
1016,4135.0
1017,4138.205078
1018,4126.666504
1019,4119.487305
1020,4128.974121
1021,4138.589844
1022,4134.102539
1023,4125.384766
1024,4136.153809
1025,4140.0
1026,4139.102539
1027,4133.974121
1028,4134.358887
1029,4140.256348
1030,4140.897461
1031,4137.307617
1032,4138.974121
1033,4139.743652
1034,4138.846191
1035,4141.410156
1036,4143.077148
1037,4147.179688
1038,4149.871582
1039,4143.333496
1040,4141.922852
1041,4151.538574
1042,4155.641113
1043,4150.0
1044,4148.461426
1045,4155.641113
1046,4163.461426
1047,4161.282227
1048,4155.384766
1049,4155.769043
1050,4156.922852
1051,4155.769043
1052,4156.410156
1053,4156.025879
1054,4155.0
1055,4158.077148
1056,4154.743652
1057,4145.769043
1058,4147.436035
1059,4154.871582
1060,4154.743652
1061,4152.307617
1062,4152.05127
1063,4152.179688
1064,4155.512695
1065,4151.794922
1066,4145.128418
1067,4146.538574
1068,4144.230957
1069,4135.256348
1070,4132.436035
1071,4135.0
1072,4136.794922
1073,4140.384766
1074,4139.871582
1075,4136.794922
1076,4143.974121
1077,4154.487305
1078,4157.436035
1079,4155.256348
1080,4153.461426
1081,4152.94873
1082,4153.974121
1083,4154.487305
1084,4152.94873
1085,4152.179688
1086,4151.153809
1087,4150.128418
1088,4152.820313
1089,4155.128418
1090,4154.871582
1091,4157.05127
1092,4156.794922
1093,4154.615234
1094,4161.282227
1095,4167.436035
1096,4162.05127
1097,4156.025879
1098,4157.563965
1099,4159.487305
1100,4160.128418
1101,4155.641113
1102,4150.512695
1103,4158.589844
1104,4171.922852
1105,4174.871582
1106,4168.974121
1107,4166.538574
1108,4171.922852
1109,4174.743652
1110,4169.615234
1111,4168.205078
1112,4172.692383
1113,4172.563965
1114,4175.256348
1115,4183.333496
1116,4182.692383
1117,4175.512695
1118,4166.153809
1119,4154.743652
1120,4155.512695
1121,4169.615234
1122,4173.846191
1123,4163.717773
1124,4159.102539
1125,4163.717773
1126,4169.871582
1127,4176.794922
1128,4178.589844
1129,4174.615234
1130,4169.615234
1131,4169.358887
1132,4172.179688
1133,4173.717773
1134,4173.846191
1135,4171.538574
1136,4169.102539
1137,4168.461426
1138,4170.897461
1139,4171.666504
1140,4168.717773
1141,4169.871582
1142,4173.974121
1143,4172.692383
1144,4168.717773
1145,4169.102539
1146,4168.205078
1147,4160.0
1148,4152.692383
1149,4154.102539
1150,4155.256348
1151,4152.436035
1152,4148.205078
1153,4142.820313
1154,4140.641113
1155,4146.025879
1156,4154.487305
1157,4156.538574
1158,4153.333496
1159,4153.974121
1160,4155.769043
1161,4154.230957
1162,4152.692383
1163,4149.487305
1164,4137.692383
1165,4128.461426
1166,4139.358887
1167,4153.589844
1168,4154.615234
1169,4154.615234
1170,4155.0
1171,4150.256348
1172,4151.282227
1173,4155.897461
1174,4151.410156
1175,4147.436035
1176,4152.692383
1177,4155.769043
1178,4153.205078
1179,4155.256348
1180,4156.666504
1181,4151.794922
1182,4151.153809
1183,4154.230957
1184,4149.615234
1185,4145.897461
1186,4151.922852
1187,4155.769043
1188,4151.282227
1189,4150.256348
1190,4153.589844
1191,4152.692383
1192,4151.666504
1193,4153.461426
1194,4152.563965
1195,4149.615234
1196,4151.410156
1197,4150.0
1198,4140.897461
1199,4136.922852
1200,4137.436035
1201,4140.128418
1202,4148.589844
1203,4151.153809
1204,4141.153809
1205,4134.871582
1206,4137.94873
1207,4139.743652
1208,4137.692383
1209,4136.025879
1210,4137.94873
1211,4140.128418
1212,4138.333496
1213,4137.563965
1214,4138.077148
1215,4138.717773
1216,4140.769043
1217,4138.974121
1218,4133.846191
1219,4133.077148
1220,4137.307617
1221,4139.615234
1222,4137.563965
1223,4138.461426
1224,4139.615234
1225,4132.179688
1226,4126.153809
1227,4132.436035
1228,4139.358887
1229,4141.794922
1230,4144.615234
1231,4141.666504
1232,4136.153809
1233,4139.615234
1234,4142.307617
1235,4139.615234
1236,4139.743652
1237,4139.487305
1238,4136.025879
1239,4137.563965
1240,4142.563965
1241,4142.307617
1242,4139.743652
1243,4135.0
1244,4128.846191
1245,4130.897461
1246,4137.05127
1247,4137.692383
1248,4138.974121
1249,4143.974121
1250,4144.102539
1251,4141.922852
1252,4140.641113
1253,4137.94873
1254,4143.589844
1255,4155.769043
1256,4156.025879
1257,4152.436035
1258,4157.563965
1259,4155.897461
1260,4145.384766
1261,4140.128418
1262,4142.563965
1263,4143.717773
1264,4140.128418
1265,4137.05127
1266,4136.922852
1267,4136.153809
1268,4133.333496
1269,4134.615234
1270,4138.077148
1271,4138.717773
1272,4133.077148
1273,4123.205078
1274,4120.769043
1275,4121.922852
1276,4121.153809
1277,4126.025879
1278,4129.743652
1279,4120.384766
1280,4168.974121
1281,4171.922852
1282,4171.025879
1283,4173.077148
1284,4180.769043
1285,4192.307617
1286,4200.128418
1287,4201.282227
1288,4200.897461
1289,4195.512695
1290,4185.641113
1291,4182.179688
1292,4194.230957
1293,4201.794922
1294,4192.436035
1295,4182.692383
1296,4181.666504
1297,4183.077148
1298,4183.717773
1299,4181.153809
1300,4177.307617
1301,4181.794922
1302,4185.897461
1303,4177.307617
1304,4170.897461
1305,4175.128418
1306,4175.128418
1307,4171.410156
1308,4175.0
1309,4182.179688
1310,4185.128418
1311,4181.922852
1312,4176.153809
1313,4169.358887
1314,4169.230957
1315,4176.410156
1316,4176.666504
1317,4171.282227
1318,4168.974121
1319,4171.025879
1320,4174.615234
1321,4170.897461
1322,4157.820313
1323,4152.179688
1324,4160.0
1325,4161.666504
1326,4157.94873
1327,4155.897461
1328,4154.487305
1329,4156.410156
1330,4157.563965
1331,4156.794922
1332,4155.641113
1333,4156.282227
1334,4161.794922
1335,4168.077148
1336,4168.461426
1337,4164.102539
1338,4160.0
1339,4156.153809
1340,4155.256348
1341,4155.128418
1342,4155.641113
1343,4159.358887
1344,4158.333496
1345,4153.461426
1346,4152.563965
1347,4152.820313
1348,4151.794922
1349,4155.256348
1350,4156.025879
1351,4153.974121
1352,4152.94873
1353,4145.128418
1354,4140.0
1355,4142.94873
1356,4142.05127
1357,4140.897461
1358,4144.743652
1359,4142.692383
1360,4137.05127
1361,4138.846191
1362,4142.05127
1363,4141.410156
1364,4139.615234
1365,4139.358887
1366,4140.769043
1367,4139.743652
1368,4139.871582
1369,4139.358887
1370,4138.333496
1371,4148.205078
1372,4151.666504
1373,4141.794922
1374,4139.487305
1375,4146.025879
1376,4143.974121
1377,4138.846191
1378,4142.94873
1379,4146.025879
1380,4143.846191
1381,4139.487305
1382,4138.077148
1383,4139.487305
1384,4139.871582
1385,4139.230957
1386,4137.05127
1387,4135.512695
1388,4133.589844
1389,4134.230957
1390,4135.897461
1391,4137.94873
1392,4142.05127
1393,4142.436035
1394,4146.282227
1395,4151.282227
1396,4145.384766
1397,4137.563965
1398,4140.256348
1399,4142.436035
1400,4138.461426
1401,4141.922852
1402,4144.615234
1403,4140.384766
1404,4135.256348
1405,4134.487305
1406,4139.871582
1407,4147.179688
1408,4280.769043
1409,4280.256348
1410,4270.641113
1411,4259.871582
1412,4256.922852
1413,4268.461426
1414,4281.538574
1415,4282.05127
1416,4279.487305
1417,4283.461426
1418,4282.307617
1419,4277.820313
1420,4280.384766
1421,4280.0
1422,4278.717773
1423,4284.743652
1424,4288.077148
1425,4277.05127
1426,4270.0
1427,4278.846191
1428,4281.666504
1429,4265.0
1430,4252.692383
1431,4267.05127
1432,4282.307617
1433,4272.94873
1434,4263.589844
1435,4264.743652
1436,4261.025879
1437,4252.692383
1438,4250.769043
1439,4245.641113
1440,4234.743652
1441,4230.384766
1442,4231.538574
1443,4230.897461
1444,4227.94873
1445,4227.692383
1446,4231.025879
1447,4232.179688
1448,4232.692383
1449,4233.077148
1450,4231.538574
1451,4226.282227
1452,4216.794922
1453,4202.436035
1454,4192.307617
1455,4203.205078
1456,4216.794922
1457,4212.436035
1458,4199.871582
1459,4189.743652
1460,4184.358887
1461,4185.641113
1462,4188.077148
1463,4180.769043
1464,4173.717773
1465,4172.307617
1466,4169.358887
1467,4170.641113
1468,4171.794922
1469,4168.077148
1470,4166.282227
1471,4165.512695
1472,4158.846191
1473,4152.307617
1474,4153.846191
1475,4155.641113
1476,4153.333496
1477,4151.538574
1478,4153.333496
1479,4157.563965
1480,4153.461426
1481,4142.820313
1482,4139.615234
1483,4137.94873
1484,4137.563965
1485,4143.717773
1486,4149.102539
1487,4140.512695
1488,4126.282227
1489,4121.538574
1490,4122.692383
1491,4126.025879
1492,4124.487305
1493,4116.922852
1494,4117.563965
1495,4126.666504
1496,4124.102539
1497,4106.282227
1498,4103.077148
1499,4110.897461
1500,4108.589844
1501,4108.974121
1502,4120.128418
1503,4128.846191
1504,4126.538574
1505,4122.563965
1506,4128.974121
1507,4137.820313
1508,4133.717773
1509,4123.205078
1510,4120.128418
1511,4118.974121
1512,4120.897461
1513,4123.974121
1514,4112.563965
1515,4091.153809
1516,4081.538574
1517,4085.384521
1518,4088.846191
1519,4090.384521
1520,4090.512939
1521,4088.205078
1522,4082.820557
1523,4076.410156
1524,4075.512939
1525,4075.897461
1526,4075.512939
1527,4084.358887
1528,4093.205078
1529,4082.94873
1530,4071.153809
1531,4076.666748
1532,4079.871826
1533,4075.256348
1534,4076.538574
1535,4077.564209
1536,4109.615234
1537,4108.589844
1538,4094.230713
1539,4072.94873
1540,4073.589844
1541,4088.589844
1542,4086.794922
1543,4080.512939
1544,4091.025635
1545,4092.435791
1546,4081.794922
1547,4085.256348
1548,4092.692383
1549,4092.307617
1550,4092.307617
1551,4093.718018
1552,4090.641113
1553,4083.718018
1554,4085.769287
1555,4092.307617
1556,4085.0
1557,4073.974365
1558,4077.564209
1559,4081.538574
1560,4073.333252
1561,4067.179443
1562,4064.871826
1563,4060.512939
1564,4057.564209
1565,4059.487061
1566,4062.435791
1567,4058.461426
1568,4054.487061
1569,4050.512939
1570,4042.05127
1571,4044.358887
1572,4053.333252
1573,4048.333252
1574,4045.256348
1575,4057.94873
1576,4065.0
1577,4062.820557
1578,4063.333252
1579,4063.205078
1580,4060.897461
1581,4052.179443
1582,4038.846191
1583,4033.589844
1584,4028.974365
1585,4020.897461
1586,4021.923096
1587,4028.461426
1588,4034.743652
1589,4034.102539
1590,4028.718018
1591,4032.307617
1592,4036.923096
1593,4031.410156
1594,4031.410156
1595,4036.410156
1596,4032.94873
1597,4030.897461
1598,4036.666748
1599,4038.461426
1600,4028.718018
1601,4013.974365
1602,4010.384521
1603,4016.153809
1604,4018.461426
1605,4017.820557
1606,4012.307617
1607,4001.923096
1608,4006.538574
1609,4019.487061
1610,4019.102539
1611,4011.538574
1612,4008.205078
1613,4005.512939
1614,4001.538574
1615,4003.589844
1616,4008.076904
1617,4005.769287
1618,4007.692383
1619,4016.538574
1620,4013.205078
1621,4002.94873
1622,4008.589844
1623,4014.615479
1624,4009.871826
1625,4004.230713
1626,3995.512939
1627,3989.102539
1628,3986.153809
1629,3979.487061
1630,3980.384521
1631,3991.538574
1632,3993.846191
1633,3992.564209
1634,4000.256348
1635,4002.435791
1636,4002.179443
1637,4005.0
1638,4001.538574
1639,3999.615479
1640,4002.820557
1641,3995.0
1642,3986.538574
1643,3997.94873
1644,4009.230713
1645,4005.384521
1646,4002.435791
1647,4005.0
1648,4005.128174
1649,4003.076904
1650,4004.871826
1651,4011.538574
1652,4016.025635
1653,4011.410156
1654,4009.230713
1655,4019.615479
1656,4029.358887
1657,4024.487061
1658,4011.538574
1659,4013.333252
1660,4025.641113
1661,4027.435791
1662,4024.358887
1663,4027.820557
1664,4242.692383
1665,4242.307617
1666,4235.769043
1667,4230.512695
1668,4238.077148
1669,4249.358887
1670,4247.563965
1671,4244.615234
1672,4251.794922
1673,4251.282227
1674,4244.615234
1675,4252.820313
1676,4260.897461
1677,4255.0
1678,4250.512695
1679,4248.077148
1680,4250.384766
1681,4259.358887
1682,4257.94873
1683,4251.282227
1684,4260.384766
1685,4269.358887
1686,4262.307617
1687,4258.077148
1688,4262.179688
1689,4264.487305
1690,4257.692383
1691,4245.769043
1692,4243.589844
1693,4247.563965
1694,4247.436035
1695,4246.922852
1696,4245.128418
1697,4237.179688
1698,4238.974121
1699,4243.589844
1700,4237.05127
1701,4237.820313
1702,4247.436035
1703,4248.333496
1704,4245.769043
1705,4242.436035
1706,4232.05127
1707,4228.846191
1708,4232.436035
1709,4230.897461
1710,4226.922852
1711,4215.641113
1712,4212.94873
1713,4227.179688
1714,4223.077148
1715,4202.563965
1716,4204.487305
1717,4219.615234
1718,4221.282227
1719,4217.179688
1720,4212.307617
1721,4209.871582
1722,4216.025879
1723,4220.512695
1724,4221.153809
1725,4214.871582
1726,4200.769043
1727,4201.538574
1728,4217.563965
1729,4218.974121
1730,4210.769043
1731,4215.128418
1732,4217.05127
1733,4212.94873
1734,4217.05127
1735,4221.282227
1736,4219.743652
1737,4217.436035
1738,4216.153809
1739,4217.436035
1740,4218.974121
1741,4215.897461
1742,4213.077148
1743,4215.128418
1744,4221.025879
1745,4227.563965
1746,4224.743652
1747,4215.0
1748,4221.410156
1749,4229.871582
1750,4222.179688
1751,4219.230957
1752,4224.230957
1753,4218.974121
1754,4212.94873
1755,4218.589844
1756,4217.820313
1757,4208.461426
1758,4197.692383
1759,4186.666504
1760,4186.922852
1761,4202.94873
1762,4213.846191
1763,4207.563965
1764,4200.897461
1765,4201.794922
1766,4204.615234
1767,4205.128418
1768,4206.410156
1769,4211.025879
1770,4209.102539
1771,4202.94873
1772,4202.563965
1773,4206.794922
1774,4208.717773
1775,4207.692383
1776,4203.846191
1777,4199.230957
1778,4205.769043
1779,4213.589844
1780,4207.820313
1781,4200.256348
1782,4201.666504
1783,4203.077148
1784,4200.769043
1785,4198.974121
1786,4194.358887
1787,4188.589844
1788,4183.333496
1789,4175.0
1790,4167.307617
1791,4167.179688
1792,4194.743652
1793,4191.794922
1794,4180.769043
1795,4180.769043
1796,4188.974121
1797,4189.358887
1798,4185.128418
1799,4186.025879
1800,4190.256348
1801,4190.128418
1802,4184.358887
1803,4183.333496
1804,4186.025879
1805,4182.436035
1806,4177.692383
1807,4180.0
1808,4185.0
1809,4185.384766
1810,4182.563965
1811,4178.333496
1812,4174.358887
1813,4174.615234
1814,4173.974121
1815,4170.256348
1816,4169.615234
1817,4172.436035
1818,4169.615234
1819,4165.512695
1820,4168.589844
1821,4168.717773
1822,4160.128418
1823,4154.487305
1824,4160.897461
1825,4167.179688
1826,4169.102539
1827,4165.897461
1828,4157.820313
1829,4159.743652
1830,4166.666504
1831,4161.410156
1832,4154.230957
1833,4158.077148
1834,4159.102539
1835,4158.461426
1836,4167.692383
1837,4169.871582
1838,4156.410156
1839,4145.641113
1840,4149.871582
1841,4157.05127
1842,4155.256348
1843,4152.692383
1844,4156.666504
1845,4152.692383
1846,4141.794922
1847,4138.846191
1848,4140.641113
1849,4138.717773
1850,4138.205078
1851,4139.230957
1852,4139.358887
1853,4142.563965
1854,4142.94873
1855,4140.384766
1856,4141.922852
1857,4140.128418
1858,4136.025879
1859,4136.282227
1860,4132.179688
1861,4123.589844
1862,4123.461426
1863,4128.077148
1864,4127.692383
1865,4124.230957
1866,4123.589844
1867,4123.333496
1868,4125.256348
1869,4135.256348
1870,4144.615234
1871,4139.102539
1872,4133.077148
1873,4139.615234
1874,4137.179688
1875,4123.846191
1876,4119.615234
1877,4121.153809
1878,4120.128418
1879,4121.666504
1880,4124.487305
1881,4123.333496
1882,4120.0
1883,4109.102539
1884,4100.769043
1885,4110.512695
1886,4122.94873
1887,4121.282227
1888,4118.974121
1889,4125.384766
1890,4126.410156
1891,4122.307617
1892,4128.974121
1893,4136.666504
1894,4136.025879
1895,4142.05127
1896,4152.436035
1897,4154.487305
1898,4155.384766
1899,4156.666504
1900,4153.077148
1901,4153.205078
1902,4156.410156
1903,4152.05127
1904,4143.846191
1905,4139.102539
1906,4139.743652
1907,4142.436035
1908,4140.0
1909,4134.487305
1910,4139.487305
1911,4147.307617
1912,4137.94873
1913,4121.538574
1914,4121.025879
1915,4126.410156
1916,4127.307617
1917,4130.384766
1918,4131.666504
1919,4125.256348
1920,4155.769043
1921,4153.333496
1922,4155.512695
1923,4155.769043
1924,4158.974121
1925,4166.153809
1926,4168.205078
1927,4168.333496
1928,4170.897461
1929,4171.666504
1930,4165.0
1931,4160.512695
1932,4165.384766
1933,4169.871582
1934,4169.102539
1935,4164.487305
1936,4158.077148
1937,4155.384766
1938,4155.897461
1939,4152.820313
1940,4148.974121
1941,4149.871582
1942,4153.717773
1943,4152.692383
1944,4147.179688
1945,4149.230957
1946,4154.871582
1947,4153.846191
1948,4154.230957
1949,4157.820313
1950,4157.05127
1951,4154.230957
1952,4150.641113
1953,4148.974121
1954,4152.94873
1955,4158.461426
1956,4158.589844
1957,4154.358887
1958,4151.538574
1959,4152.307617
1960,4155.641113
1961,4154.743652
1962,4141.666504
1963,4133.461426
1964,4147.05127
1965,4152.820313
1966,4142.436035
1967,4140.128418
1968,4141.410156
1969,4139.358887
1970,4140.256348
1971,4140.769043
1972,4137.436035
1973,4139.871582
1974,4141.922852
1975,4140.384766
1976,4142.563965
1977,4143.846191
1978,4141.794922
1979,4137.179688
1980,4136.922852
1981,4141.538574
1982,4139.743652
1983,4135.897461
1984,4138.846191
1985,4134.615234
1986,4123.846191
1987,4127.94873
1988,4139.615234
1989,4141.153809
1990,4138.077148
1991,4138.333496
1992,4137.436035
1993,4129.487305
1994,4122.692383
1995,4122.436035
1996,4123.589844
1997,4128.205078
1998,4135.128418
1999,4131.538574
2000,4122.820313
2001,4123.077148
2002,4123.461426
2003,4119.230957
2004,4120.128418
2005,4125.0
2006,4125.769043
2007,4126.410156
2008,4130.0
2009,4130.256348
2010,4129.743652
2011,4135.897461
2012,4140.384766
2013,4133.846191
2014,4123.205078
2015,4128.077148
2016,4139.102539
2017,4133.589844
2018,4123.461426
2019,4125.897461
2020,4127.307617
2021,4123.974121
2022,4131.922852
2023,4143.461426
2024,4135.384766
2025,4122.563965
2026,4131.153809
2027,4141.282227
2028,4130.256348
2029,4121.282227
2030,4125.769043
2031,4134.358887
2032,4140.897461
2033,4138.461426
2034,4139.871582
2035,4151.153809
2036,4153.717773
2037,4148.974121
2038,4150.897461
2039,4158.077148
2040,4161.410156
2041,4159.615234
2042,4154.487305
2043,4153.333496
2044,4153.846191
2045,4146.410156
2046,4143.333496
2047,4155.897461
2048,4396.410156
2049,4400.128418
2050,4397.692383
2051,4393.333496
2052,4392.820313
2053,4396.922852
2054,4401.282227
2055,4400.641113
2056,4401.025879
2057,4401.922852
2058,4396.025879
2059,4392.820313
2060,4396.025879
2061,4395.128418
2062,4387.307617
2063,4388.717773
2064,4392.563965
2065,4380.0
2066,4371.794922
2067,4381.922852
2068,4387.94873
2069,4377.692383
2070,4376.025879
2071,4383.589844
2072,4376.025879
2073,4369.230957
2074,4374.743652
2075,4369.615234
2076,4357.94873
2077,4355.128418
2078,4349.230957
2079,4339.743652
2080,4341.794922
2081,4343.846191
2082,4331.538574
2083,4321.538574
2084,4328.589844
2085,4337.179688
2086,4331.666504
2087,4324.615234
2088,4326.794922
2089,4326.410156
2090,4324.871582
2091,4324.615234
2092,4315.0
2093,4298.589844
2094,4291.282227
2095,4296.025879
2096,4297.179688
2097,4296.410156
2098,4295.897461
2099,4285.384766
2100,4276.410156
2101,4280.512695
2102,4278.077148
2103,4264.487305
2104,4262.307617
2105,4265.512695
2106,4258.974121
2107,4259.487305
2108,4263.077148
2109,4255.384766
2110,4247.05127
2111,4247.179688
2112,4243.077148
2113,4238.846191
2114,4241.025879
2115,4238.333496
2116,4233.205078
2117,4233.461426
2118,4233.717773
2119,4234.871582
2120,4232.692383
2121,4216.282227
2122,4202.436035
2123,4208.461426
2124,4218.461426
2125,4219.358887
2126,4213.205078
2127,4205.512695
2128,4197.563965
2129,4190.512695
2130,4187.94873
2131,4188.461426
2132,4184.871582
2133,4181.153809
2134,4182.436035
2135,4181.538574
2136,4182.820313
2137,4183.974121
2138,4175.512695
2139,4169.871582
2140,4177.05127
2141,4184.743652
2142,4185.897461
2143,4186.666504
2144,4180.769043
2145,4171.794922
2146,4176.922852
2147,4184.615234
2148,4177.179688
2149,4169.487305
2150,4171.666504
2151,4164.615234
2152,4159.743652
2153,4165.512695
2154,4162.436035
2155,4149.102539
2156,4141.922852
2157,4142.05127
2158,4140.256348
2159,4137.94873
2160,4135.769043
2161,4135.897461
2162,4133.589844
2163,4124.358887
2164,4119.871582
2165,4121.794922
2166,4129.743652
2167,4138.846191
2168,4138.461426
2169,4126.666504
2170,4117.94873
2171,4119.743652
2172,4122.436035
2173,4121.282227
2174,4120.384766
2175,4123.717773
2176,4105.512695
2177,4105.897461
2178,4099.358887
2179,4087.94873
2180,4085.512939
2181,4091.538574
2182,4090.128174
2183,4086.923096
2184,4091.794922
2185,4092.820557
2186,4091.666748
2187,4093.461426
2188,4091.538574
2189,4097.94873
2190,4109.743652
2191,4103.589844
2192,4090.128174
2193,4090.641113
2194,4093.589844
2195,4085.256348
2196,4074.358887
2197,4076.538574
2198,4085.384521
2199,4078.461426
2200,4065.641113
2201,4067.692383
2202,4065.897461
2203,4058.974365
2204,4069.230713
2205,4077.05127
2206,4064.102539
2207,4061.025635
2208,4072.435791
2209,4062.692383
2210,4046.025635
2211,4054.487061
2212,4061.794922
2213,4050.384521
2214,4047.94873
2215,4059.358887
2216,4063.718018
2217,4061.153809
2218,4060.0
2219,4061.281982
2220,4061.794922
2221,4057.179443
2222,4051.153809
2223,4048.205078
2224,4044.743652
2225,4040.897461
2226,4039.358887
2227,4037.564209
2228,4035.0
2229,4032.94873
2230,4034.615479
2231,4042.564209
2232,4045.769287
2233,4038.974365
2234,4035.769287
2235,4035.641113
2236,4029.743652
2237,4028.589844
2238,4032.307617
2239,4030.641113
2240,4025.128174
2241,4021.025635
2242,4020.256348
2243,4021.025635
2244,4023.076904
2245,4026.666748
2246,4024.230713
2247,4017.05127
2248,4019.743652
2249,4023.205078
2250,4017.307617
2251,4017.179443
2252,4023.076904
2253,4018.589844
2254,4012.05127
2255,4017.307617
2256,4023.589844
2257,4020.128174
2258,4018.205078
2259,4021.923096
2260,4020.897461
2261,4019.615479
2262,4023.076904
2263,4021.666748
2264,4019.871826
2265,4020.641113
2266,4012.564209
2267,4004.743652
2268,4003.076904
2269,3993.846191
2270,3987.05127
2271,3998.718018
2272,4005.128174
2273,4001.538574
2274,4002.692383
2275,3996.794922
2276,3988.076904
2277,3991.153809
2278,3990.641113
2279,3988.589844
2280,4000.641113
2281,4002.820557
2282,3986.538574
2283,3987.820557
2284,4005.769287
2285,4008.333252
2286,4000.769287
2287,4003.333252
2288,4005.897461
2289,4003.589844
2290,4005.769287
2291,4008.461426
2292,4007.435791
2293,4005.769287
2294,4002.820557
2295,4003.718018
2296,4008.718018
2297,4009.358887
2298,4002.692383
2299,3998.461426
2300,4003.974365
2301,4010.128174
2302,4007.820557
2303,4004.871826
2304,4252.94873
2305,4261.025879
2306,4260.897461
2307,4255.512695
2308,4256.410156
2309,4266.282227
2310,4274.230957
2311,4275.0
2312,4275.512695
2313,4277.820313
2314,4276.538574
2315,4276.410156
2316,4279.743652
2317,4281.410156
2318,4280.256348
2319,4278.077148
2320,4279.487305
2321,4288.205078
2322,4294.615234
2323,4291.538574
2324,4294.102539
2325,4305.0
2326,4311.922852
2327,4312.307617
2328,4309.358887
2329,4307.05127
2330,4301.794922
2331,4297.94873
2332,4301.410156
2333,4302.94873
2334,4301.282227
2335,4305.897461
2336,4304.358887
2337,4293.974121
2338,4299.615234
2339,4304.743652
2340,4294.487305
2341,4300.512695
2342,4313.205078
2343,4306.794922
2344,4302.436035
2345,4308.333496
2346,4309.615234
2347,4310.384766
2348,4306.282227
2349,4295.0
2350,4292.820313
2351,4296.025879
2352,4298.461426
2353,4301.794922
2354,4300.128418
2355,4292.436035
2356,4294.743652
2357,4307.436035
2358,4312.563965
2359,4308.333496
2360,4307.436035
2361,4311.410156
2362,4311.025879
2363,4309.487305
2364,4311.922852
2365,4309.487305
2366,4305.0
2367,4307.179688
2368,4311.410156
2369,4307.563965
2370,4301.153809
2371,4304.871582
2372,4305.512695
2373,4296.410156
2374,4301.153809
2375,4310.384766
2376,4301.922852
2377,4292.05127
2378,4297.179688
2379,4297.179688
2380,4289.615234
2381,4290.256348
2382,4293.717773
2383,4297.307617
2384,4305.769043
2385,4308.589844
2386,4297.05127
2387,4292.436035
2388,4306.922852
2389,4310.384766
2390,4296.794922
2391,4294.230957
2392,4300.0
2393,4294.743652
2394,4293.205078
2395,4301.922852
2396,4302.05127
2397,4289.871582
2398,4279.615234
2399,4272.563965
2400,4271.025879
2401,4283.077148
2402,4290.641113
2403,4282.563965
2404,4276.794922
2405,4281.410156
2406,4283.461426
2407,4279.871582
2408,4279.102539
2409,4281.410156
2410,4279.743652
2411,4273.333496
2412,4273.077148
2413,4277.436035
2414,4281.025879
2415,4278.717773
2416,4266.794922
2417,4263.205078
2418,4276.922852
2419,4283.846191
2420,4277.179688
2421,4277.436035
2422,4280.256348
2423,4276.666504
2424,4275.897461
2425,4274.230957
2426,4269.102539
2427,4262.05127
2428,4256.282227
2429,4245.128418
2430,4234.743652
2431,4240.897461
2432,4184.743652
2433,4181.794922
2434,4175.512695
2435,4178.333496
2436,4186.025879
2437,4187.94873
2438,4183.974121
2439,4184.487305
2440,4189.615234
2441,4190.384766
2442,4186.410156
2443,4179.615234
2444,4170.384766
2445,4168.589844
2446,4179.102539
2447,4185.128418
2448,4183.077148
2449,4184.102539
2450,4185.128418
2451,4183.333496
2452,4181.153809
2453,4183.333496
2454,4182.307617
2455,4174.102539
2456,4175.769043
2457,4185.384766
2458,4180.769043
2459,4177.436035
2460,4188.333496
2461,4186.025879
2462,4172.307617
2463,4171.922852
2464,4176.794922
2465,4173.717773
2466,4173.589844
2467,4177.05127
2468,4170.0
2469,4167.94873
2470,4177.692383
2471,4177.179688
2472,4167.179688
2473,4171.410156
2474,4177.563965
2475,4172.307617
2476,4171.794922
2477,4171.666504
2478,4160.512695
2479,4153.077148
2480,4157.94873
2481,4163.077148
2482,4161.282227
2483,4159.615234
2484,4158.717773
2485,4154.230957
2486,4152.692383
2487,4155.641113
2488,4148.974121
2489,4143.461426
2490,4148.717773
2491,4145.769043
2492,4136.538574
2493,4143.589844
2494,4156.410156
2495,4154.358887
2496,4150.256348
2497,4153.077148
2498,4150.128418
2499,4141.282227
2500,4139.487305
2501,4142.563965
2502,4143.205078
2503,4142.692383
2504,4140.897461
2505,4139.743652
2506,4142.692383
2507,4139.102539
2508,4135.256348
2509,4145.384766
2510,4154.743652
2511,4155.0
2512,4150.897461
2513,4145.256348
2514,4141.538574
2515,4141.666504
2516,4139.230957
2517,4135.512695
2518,4140.256348
2519,4144.871582
2520,4142.692383
2521,4140.897461
2522,4138.589844
2523,4128.974121
2524,4119.230957
2525,4124.358887
2526,4135.897461
2527,4137.820313
2528,4134.487305
2529,4136.025879
2530,4138.589844
2531,4138.077148
2532,4138.077148
2533,4138.846191
2534,4140.256348
2535,4145.641113
2536,4142.307617
2537,4135.641113
2538,4147.179688
2539,4154.230957
2540,4137.820313
2541,4130.769043
2542,4143.589844
2543,4144.102539
2544,4132.307617
2545,4133.717773
2546,4141.794922
2547,4137.436035
2548,4123.077148
2549,4123.589844
2550,4139.615234
2551,4144.102539
2552,4132.692383
2553,4122.692383
2554,4121.922852
2555,4123.717773
2556,4123.717773
2557,4125.512695
2558,4126.153809
2559,4121.282227
2560,4214.615234
2561,4218.846191
2562,4227.563965
2563,4233.974121
2564,4234.871582
2565,4232.307617
2566,4230.0
2567,4233.333496
2568,4236.794922
2569,4232.179688
2570,4227.179688
2571,4232.179688
2572,4241.025879
2573,4248.333496
2574,4246.922852
2575,4233.589844
2576,4228.077148
2577,4236.922852
2578,4238.461426
2579,4230.897461
2580,4229.358887
2581,4233.461426
2582,4235.512695
2583,4229.871582
2584,4218.589844
2585,4212.307617
2586,4215.128418
2587,4225.128418
2588,4232.692383
2589,4232.179688
2590,4233.846191
2591,4232.820313
2592,4220.384766
2593,4214.358887
2594,4224.102539
2595,4230.641113
2596,4231.410156
2597,4229.615234
2598,4222.436035
2599,4218.205078
2600,4217.820313
2601,4215.384766
2602,4211.538574
2603,4207.436035
2604,4200.769043
2605,4197.179688
2606,4200.128418
2607,4199.615234
2608,4200.897461
2609,4211.025879
2610,4211.410156
2611,4202.436035
2612,4202.563965
2613,4205.0
2614,4197.692383
2615,4200.641113
2616,4209.487305
2617,4200.128418
2618,4191.282227
2619,4193.846191
2620,4198.461426
2621,4197.692383
2622,4191.025879
2623,4184.487305
2624,4184.358887
2625,4186.538574
2626,4183.717773
2627,4181.666504
2628,4181.794922
2629,4183.974121
2630,4185.384766
2631,4181.025879
2632,4176.025879
2633,4171.153809
2634,4170.897461
2635,4172.563965
2636,4168.333496
2637,4167.05127
2638,4167.94873
2639,4161.025879
2640,4153.974121
2641,4157.692383
2642,4163.846191
2643,4164.230957
2644,4161.794922
2645,4161.153809
2646,4157.436035
2647,4142.307617
2648,4132.563965
2649,4140.0
2650,4141.922852
2651,4140.384766
2652,4146.922852
2653,4148.077148
2654,4139.102539
2655,4138.205078
2656,4145.0
2657,4143.717773
2658,4138.846191
2659,4140.641113
2660,4142.820313
2661,4137.692383
2662,4134.230957
2663,4139.358887
2664,4140.384766
2665,4137.563965
2666,4139.871582
2667,4135.512695
2668,4121.666504
2669,4122.563965
2670,4135.128418
2671,4140.0
2672,4142.307617
2673,4140.897461
2674,4138.205078
2675,4147.820313
2676,4156.666504
2677,4151.794922
2678,4153.077148
2679,4161.666504
2680,4159.871582
2681,4159.358887
2682,4160.384766
2683,4150.256348
2684,4145.256348
2685,4160.384766
2686,4169.743652
2687,4166.794922
2688,4187.563965
2689,4185.128418
2690,4173.974121
2691,4166.153809
2692,4166.922852
2693,4167.820313
2694,4172.820313
2695,4190.512695
2696,4202.820313
2697,4194.871582
2698,4184.358887
2699,4187.179688
2700,4186.794922
2701,4172.563965
2702,4172.179688
2703,4197.820313
2704,4208.589844
2705,4188.461426
2706,4183.589844
2707,4203.333496
2708,4204.230957
2709,4184.102539
2710,4180.897461
2711,4203.077148
2712,4213.846191
2713,4203.461426
2714,4200.128418
2715,4200.384766
2716,4192.307617
2717,4188.846191
2718,4190.384766
2719,4182.692383
2720,4174.615234
2721,4174.743652
2722,4171.025879
2723,4165.256348
2724,4167.05127
2725,4170.897461
2726,4170.897461
2727,4176.410156
2728,4185.641113
2729,4185.512695
2730,4183.077148
2731,4180.0
2732,4175.769043
2733,4166.153809
2734,4156.153809
2735,4161.025879
2736,4171.282227
2737,4169.487305
2738,4167.436035
2739,4165.0
2740,4156.538574
2741,4167.179688
2742,4175.0
2743,4159.743652
2744,4161.538574
2745,4174.230957
2746,4167.563965
2747,4167.820313
2748,4176.538574
2749,4166.538574
2750,4154.358887
2751,4155.897461
2752,4156.025879
2753,4153.333496
2754,4153.077148
2755,4154.230957
2756,4156.282227
2757,4157.563965
2758,4163.205078
2759,4179.487305
2760,4185.128418
2761,4172.179688
2762,4166.410156
2763,4167.179688
2764,4168.461426
2765,4182.307617
2766,4184.743652
2767,4175.512695
2768,4185.384766
2769,4186.410156
2770,4173.974121
2771,4191.153809
2772,4203.717773
2773,4176.153809
2774,4164.358887
2775,4177.94873
2776,4179.487305
2777,4175.384766
2778,4180.897461
2779,4186.538574
2780,4187.179688
2781,4190.128418
2782,4202.179688
2783,4211.666504
2784,4206.282227
2785,4200.256348
2786,4207.436035
2787,4219.102539
2788,4220.256348
2789,4205.384766
2790,4199.358887
2791,4207.307617
2792,4206.410156
2793,4200.641113
2794,4203.077148
2795,4193.846191
2796,4174.487305
2797,4175.641113
2798,4186.410156
2799,4184.743652
2800,4183.461426
2801,4188.333496
2802,4188.205078
2803,4182.94873
2804,4183.974121
2805,4189.230957
2806,4194.102539
2807,4202.307617
2808,4204.871582
2809,4198.717773
2810,4191.538574
2811,4187.692383
2812,4192.179688
2813,4202.05127
2814,4204.871582
2815,4202.94873
2816,4109.358887
2817,4110.256348
2818,4090.769287
2819,4071.538574
2820,4066.153809
2821,4074.487061
2822,4082.307617
2823,4085.0
2824,4087.94873
2825,4079.743652
2826,4071.538574
2827,4079.871826
2828,4095.256348
2829,4106.666504
2830,4104.230957
2831,4095.769287
2832,4095.512939
2833,4087.692383
2834,4074.230713
2835,4072.94873
2836,4071.025635
2837,4069.871826
2838,4075.897461
2839,4073.461426
2840,4066.025635
2841,4068.589844
2842,4068.076904
2843,4057.564209
2844,4060.897461
2845,4076.153809
2846,4079.743652
2847,4075.0
2848,4076.666748
2849,4070.641113
2850,4052.94873
2851,4055.641113
2852,4067.307617
2853,4056.666748
2854,4050.384521
2855,4062.435791
2856,4067.05127
2857,4068.461426
2858,4072.94873
2859,4066.281982
2860,4057.435791
2861,4058.718018
2862,4058.846191
2863,4056.153809
2864,4047.435791
2865,4034.743652
2866,4039.230713
2867,4055.641113
2868,4065.769287
2869,4063.718018
2870,4056.538574
2871,4057.820557
2872,4058.589844
2873,4053.846191
2874,4057.179443
2875,4058.333252
2876,4052.564209
2877,4060.256348
2878,4066.281982
2879,4053.205078
2880,4046.666748
2881,4052.179443
2882,4053.846191
2883,4050.256348
2884,4045.0
2885,4049.230713
2886,4059.102539
2887,4059.102539
2888,4057.435791
2889,4060.897461
2890,4061.153809
2891,4059.230713
2892,4056.794922
2893,4046.794922
2894,4045.512939
2895,4055.128174
2896,4054.743652
2897,4050.641113
2898,4056.538574
2899,4063.461426
2900,4062.435791
2901,4058.076904
2902,4060.128174
2903,4063.846191
2904,4059.615479
2905,4052.435791
2906,4048.205078
2907,4040.0
2908,4032.05127
2909,4031.794922
2910,4036.281982
2911,4049.358887
2912,4062.179443
2913,4069.102539
2914,4073.589844
2915,4071.025635
2916,4075.769287
2917,4088.076904
2918,4084.230713
2919,4074.615479
2920,4072.435791
2921,4062.94873
2922,4052.692383
2923,4061.666748
2924,4074.358887
2925,4072.692383
2926,4072.564209
2927,4085.0
2928,4088.205078
2929,4075.256348
2930,4071.410156
2931,4076.538574
2932,4075.641113
2933,4072.94873
2934,4074.743652
2935,4084.871826
2936,4090.384521
2937,4080.0
2938,4072.94873
2939,4075.897461
2940,4078.205078
2941,4077.692383
2942,4073.974365
2943,4066.025635
2944,4322.307617
2945,4322.436035
2946,4312.05127
2947,4302.05127
2948,4312.05127
2949,4320.897461
2950,4312.692383
2951,4305.256348
2952,4306.666504
2953,4306.666504
2954,4305.512695
2955,4306.794922
2956,4311.153809
2957,4310.384766
2958,4302.307617
2959,4301.025879
2960,4306.922852
2961,4308.846191
2962,4307.179688
2963,4305.769043
2964,4305.128418
2965,4306.153809
2966,4306.410156
2967,4307.307617
2968,4304.743652
2969,4289.743652
2970,4280.512695
2971,4288.461426
2972,4295.256348
2973,4291.153809
2974,4284.743652
2975,4279.358887
2976,4278.333496
2977,4277.436035
2978,4270.256348
2979,4263.077148
2980,4262.307617
2981,4266.922852
2982,4266.025879
2983,4256.922852
2984,4258.205078
2985,4266.410156
2986,4269.102539
2987,4270.256348
2988,4265.512695
2989,4252.692383
2990,4247.436035
2991,4249.230957
2992,4247.94873
2993,4245.641113
2994,4237.820313
2995,4227.692383
2996,4234.230957
2997,4249.358887
2998,4253.846191
2999,4246.025879
3000,4234.487305
3001,4230.256348
3002,4233.717773
3003,4231.794922
3004,4220.256348
3005,4212.563965
3006,4213.589844
3007,4215.512695
3008,4215.641113
3009,4214.102539
3010,4212.563965
3011,4211.410156
3012,4213.077148
3013,4217.05127
3014,4218.589844
3015,4216.922852
3016,4219.615234
3017,4220.128418
3018,4213.974121
3019,4210.0
3020,4209.871582
3021,4203.205078
3022,4198.974121
3023,4204.230957
3024,4207.563965
3025,4209.487305
3026,4214.871582
3027,4213.974121
3028,4213.717773
3029,4216.410156
3030,4208.077148
3031,4198.717773
3032,4201.153809
3033,4203.846191
3034,4208.589844
3035,4214.615234
3036,4209.615234
3037,4197.436035
3038,4188.846191
3039,4179.615234
3040,4183.589844
3041,4201.025879
3042,4201.538574
3043,4192.820313
3044,4195.0
3045,4200.384766
3046,4204.230957
3047,4210.641113
3048,4215.256348
3049,4213.205078
3050,4206.666504
3051,4201.538574
3052,4198.974121
3053,4199.871582
3054,4208.461426
3055,4208.205078
3056,4200.128418
3057,4206.538574
3058,4211.666504
3059,4201.666504
3060,4200.384766
3061,4202.436035
3062,4201.025879
3063,4209.615234
3064,4208.717773
3065,4198.333496
3066,4201.922852
3067,4198.589844
3068,4185.769043
3069,4185.0
3070,4179.615234
3071,4171.666504
3072,4213.461426
3073,4208.589844
3074,4201.025879
3075,4206.410156
3076,4219.487305
3077,4217.94873
3078,4207.820313
3079,4208.205078
3080,4215.128418
3081,4210.641113
3082,4200.641113
3083,4199.743652
3084,4197.820313
3085,4194.743652
3086,4197.307617
3087,4194.487305
3088,4184.871582
3089,4183.077148
3090,4188.717773
3091,4188.974121
3092,4184.743652
3093,4186.282227
3094,4190.0
3095,4182.820313
3096,4177.05127
3097,4188.077148
3098,4189.102539
3099,4175.897461
3100,4173.717773
3101,4175.512695
3102,4170.0
3103,4168.077148
3104,4170.0
3105,4171.794922
3106,4181.666504
3107,4190.512695
3108,4184.487305
3109,4176.922852
3110,4173.589844
3111,4175.512695
3112,4185.769043
3113,4191.538574
3114,4182.307617
3115,4179.102539
3116,4190.0
3117,4185.769043
3118,4172.436035
3119,4171.922852
3120,4174.102539
3121,4174.743652
3122,4179.615234
3123,4186.794922
3124,4187.307617
3125,4179.102539
3126,4176.025879
3127,4180.512695
3128,4175.641113
3129,4166.410156
3130,4167.820313
3131,4170.384766
3132,4178.717773
3133,4185.0
3134,4170.897461
3135,4171.153809
3136,4185.641113
3137,4168.205078
3138,4150.512695
3139,4167.94873
3140,4176.794922
3141,4168.974121
3142,4165.384766
3143,4160.0
3144,4155.641113
3145,4154.615234
3146,4154.102539
3147,4155.897461
3148,4155.256348
3149,4157.692383
3150,4171.025879
3151,4167.563965
3152,4155.384766
3153,4162.307617
3154,4160.128418
3155,4150.256348
3156,4155.384766
3157,4152.563965
3158,4143.974121
3159,4149.102539
3160,4154.102539
3161,4154.230957
3162,4148.077148
3163,4135.0
3164,4132.94873
3165,4132.179688
3166,4121.666504
3167,4123.205078
3168,4128.461426
3169,4123.974121
3170,4133.333496
3171,4144.358887
3172,4132.820313
3173,4124.743652
3174,4136.282227
3175,4140.897461
3176,4126.025879
3177,4123.589844
3178,4139.871582
3179,4139.487305
3180,4133.205078
3181,4143.461426
3182,4149.615234
3183,4143.333496
3184,4145.641113
3185,4155.512695
3186,4155.897461
3187,4155.128418
3188,4158.333496
3189,4151.922852
3190,4147.436035
3191,4155.512695
3192,4148.589844
3193,4123.205078
3194,4118.589844
3195,4129.230957
3196,4126.282227
3197,4122.307617
3198,4123.333496
3199,4121.538574
3200,4208.717773
3201,4213.077148
3202,4218.333496
3203,4217.820313
3204,4220.512695
3205,4228.205078
3206,4232.05127
3207,4235.897461
3208,4234.487305
3209,4221.794922
3210,4214.487305
3211,4223.974121
3212,4235.0
3213,4235.256348
3214,4227.05127
3215,4216.282227
3216,4214.358887
3217,4218.461426
3218,4215.128418
3219,4210.897461
3220,4214.102539
3221,4215.128418
3222,4215.0
3223,4218.333496
3224,4219.871582
3225,4213.461426
3226,4205.384766
3227,4207.436035
3228,4214.871582
3229,4216.794922
3230,4216.666504
3231,4218.333496
3232,4213.589844
3233,4201.922852
3234,4199.743652
3235,4211.538574
3236,4217.563965
3237,4210.256348
3238,4203.333496
3239,4206.538574
3240,4209.615234
3241,4203.974121
3242,4198.974121
3243,4200.384766
3244,4202.820313
3245,4201.410156
3246,4197.179688
3247,4193.077148
3248,4195.384766
3249,4203.974121
3250,4204.487305
3251,4200.384766
3252,4202.179688
3253,4200.0
3254,4193.333496
3255,4196.922852
3256,4205.512695
3257,4202.820313
3258,4199.487305
3259,4202.307617
3260,4196.922852
3261,4191.410156
3262,4194.487305
3263,4199.102539
3264,4200.769043
3265,4200.128418
3266,4197.692383
3267,4195.256348
3268,4197.692383
3269,4203.077148
3270,4205.384766
3271,4204.615234
3272,4198.717773
3273,4187.307617
3274,4183.333496
3275,4187.692383
3276,4185.641113
3277,4183.589844
3278,4189.230957
3279,4188.205078
3280,4180.0
3281,4180.384766
3282,4184.358887
3283,4185.256348
3284,4185.384766
3285,4185.769043
3286,4186.153809
3287,4185.512695
3288,4183.077148
3289,4177.05127
3290,4175.128418
3291,4185.128418
3292,4185.512695
3293,4172.05127
3294,4175.641113
3295,4186.025879
3296,4177.563965
3297,4174.743652
3298,4187.692383
3299,4189.871582
3300,4183.846191
3301,4183.333496
3302,4177.05127
3303,4170.384766
3304,4178.846191
3305,4184.102539
3306,4175.256348
3307,4167.05127
3308,4164.871582
3309,4164.487305
3310,4165.512695
3311,4171.410156
3312,4176.922852
3313,4174.871582
3314,4173.589844
3315,4182.179688
3316,4188.589844
3317,4182.307617
3318,4180.128418
3319,4185.512695
3320,4187.05127
3321,4185.641113
3322,4185.384766
3323,4186.410156
3324,4184.487305
3325,4180.256348
3326,4182.307617
3327,4189.102539
3328,4399.102539
3329,4399.615234
3330,4391.025879
3331,4383.974121
3332,4378.846191
3333,4382.692383
3334,4393.333496
3335,4397.563965
3336,4399.102539
3337,4403.077148
3338,4400.641113
3339,4400.256348
3340,4404.871582
3341,4400.0
3342,4397.563965
3343,4412.563965
3344,4418.717773
3345,4399.358887
3346,4390.384766
3347,4407.05127
3348,4408.461426
3349,4381.410156
3350,4373.077148
3351,4395.256348
3352,4405.384766
3353,4393.589844
3354,4384.871582
3355,4382.179688
3356,4376.025879
3357,4368.333496
3358,4366.153809
3359,4365.128418
3360,4358.717773
3361,4350.769043
3362,4349.487305
3363,4350.641113
3364,4345.384766
3365,4337.563965
3366,4337.692383
3367,4342.94873
3368,4346.282227
3369,4340.769043
3370,4331.538574
3371,4327.820313
3372,4322.692383
3373,4307.692383
3374,4299.230957
3375,4307.94873
3376,4313.846191
3377,4306.153809
3378,4297.94873
3379,4292.94873
3380,4290.769043
3381,4289.358887
3382,4286.666504
3383,4276.025879
3384,4267.179688
3385,4262.820313
3386,4257.436035
3387,4260.769043
3388,4262.05127
3389,4248.205078
3390,4235.641113
3391,4235.769043
3392,4233.974121
3393,4227.05127
3394,4227.307617
3395,4226.282227
3396,4220.0
3397,4215.897461
3398,4215.256348
3399,4218.077148
3400,4217.05127
3401,4207.05127
3402,4198.974121
3403,4197.692383
3404,4201.666504
3405,4211.153809
3406,4213.717773
3407,4199.358887
3408,4185.0
3409,4176.666504
3410,4168.333496
3411,4173.461426
3412,4178.461426
3413,4164.743652
3414,4159.358887
3415,4167.692383
3416,4163.205078
3417,4146.153809
3418,4144.743652
3419,4151.153809
3420,4143.846191
3421,4139.230957
3422,4159.615234
3423,4172.820313
3424,4157.820313
3425,4155.897461
3426,4173.333496
3427,4176.153809
3428,4172.05127
3429,4168.589844
3430,4151.538574
3431,4135.641113
3432,4137.436035
3433,4137.05127
3434,4126.153809
3435,4115.128418
3436,4107.179688
3437,4099.487305
3438,4096.025879
3439,4102.563965
3440,4108.077148
3441,4101.538574
3442,4089.615479
3443,4081.538574
3444,4079.102539
3445,4077.435791
3446,4081.025635
3447,4091.153809
3448,4097.05127
3449,4091.794922
3450,4082.692383
3451,4081.410156
3452,4085.897461
3453,4086.153809
3454,4080.512939
3455,4076.410156
3456,4098.461426
3457,4092.692383
3458,4082.564209
3459,4062.94873
3460,4055.641113
3461,4069.743652
3462,4076.025635
3463,4071.794922
3464,4077.05127
3465,4076.281982
3466,4066.538574
3467,4068.718018
3468,4082.05127
3469,4088.846191
3470,4084.102539
3471,4077.564209
3472,4075.0
3473,4070.897461
3474,4065.641113
3475,4066.025635
3476,4060.641113
3477,4054.102539
3478,4057.692383
3479,4055.256348
3480,4044.871826
3481,4041.666748
3482,4039.487061
3483,4028.589844
3484,4028.076904
3485,4040.384521
3486,4041.025635
3487,4032.692383
3488,4039.102539
3489,4046.281982
3490,4036.410156
3491,4033.846191
3492,4037.820557
3493,4027.05127
3494,4022.05127
3495,4035.0
3496,4040.128174
3497,4035.897461
3498,4037.435791
3499,4037.564209
3500,4034.358887
3501,4025.897461
3502,4008.333252
3503,4001.410156
3504,4002.435791
3505,3993.846191
3506,3988.974365
3507,3995.897461
3508,4000.769287
3509,4000.512939
3510,4002.307617
3511,4003.846191
3512,4003.461426
3513,4002.564209
3514,3998.076904
3515,3992.05127
3516,3989.743652
3517,3991.923096
3518,3990.641113
3519,3989.230713
3520,3988.718018
3521,3977.94873
3522,3969.230713
3523,3971.923096
3524,3975.897461
3525,3977.94873
3526,3971.794922
3527,3958.333252
3528,3960.0
3529,3973.333252
3530,3966.025635
3531,3956.153809
3532,3965.128174
3533,3966.153809
3534,3955.384521
3535,3955.384521
3536,3960.384521
3537,3957.564209
3538,3954.871826
3539,3959.615479
3540,3961.281982
3541,3950.641113
3542,3938.205078
3543,3939.230713
3544,3942.820557
3545,3943.076904
3546,3940.256348
3547,3929.743652
3548,3924.102539
3549,3926.281982
3550,3924.487061
3551,3930.641113
3552,3939.615479
3553,3937.05127
3554,3935.769287
3555,3940.128174
3556,3949.102539
3557,3958.718018
3558,3951.666748
3559,3943.589844
3560,3955.128174
3561,3951.281982
3562,3925.769287
3563,3927.564209
3564,3947.564209
3565,3947.05127
3566,3939.230713
3567,3943.589844
3568,3949.358887
3569,3944.358887
3570,3941.410156
3571,3949.615479
3572,3954.487061
3573,3945.512939
3574,3938.589844
3575,3949.102539
3576,3958.076904
3577,3950.128174
3578,3941.666748
3579,3945.384521
3580,3956.281982
3581,3960.641113
3582,3956.923096
3583,3960.128174
3584,4329.871582
3585,4337.94873
3586,4341.666504
3587,4339.358887
3588,4340.256348
3589,4346.922852
3590,4349.615234
3591,4347.94873
3592,4349.358887
3593,4350.897461
3594,4355.512695
3595,4363.717773
3596,4367.436035
3597,4366.282227
3598,4365.384766
3599,4363.461426
3600,4368.333496
3601,4375.512695
3602,4366.794922
3603,4356.794922
3604,4366.538574
3605,4375.769043
3606,4372.307617
3607,4374.358887
3608,4382.179688
3609,4383.974121
3610,4373.461426
3611,4358.974121
3612,4356.794922
3613,4358.589844
3614,4358.461426
3615,4356.794922
3616,4350.384766
3617,4344.102539
3618,4348.333496
3619,4354.102539
3620,4350.256348
3621,4350.256348
3622,4352.307617
3623,4350.512695
3624,4355.641113
3625,4356.538574
3626,4348.077148
3627,4343.974121
3628,4343.205078
3629,4342.436035
3630,4344.102539
3631,4335.128418
3632,4324.871582
3633,4335.128418
3634,4334.102539
3635,4314.230957
3636,4315.897461
3637,4334.102539
3638,4341.538574
3639,4332.179688
3640,4312.820313
3641,4305.641113
3642,4319.102539
3643,4327.179688
3644,4317.94873
3645,4310.128418
3646,4309.358887
3647,4309.615234
3648,4310.641113
3649,4311.794922
3650,4307.692383
3651,4303.589844
3652,4303.589844
3653,4307.179688
3654,4309.358887
3655,4302.436035
3656,4295.512695
3657,4296.922852
3658,4296.410156
3659,4293.717773
3660,4296.282227
3661,4290.512695
3662,4277.436035
3663,4274.487305
3664,4280.384766
3665,4285.256348
3666,4283.205078
3667,4276.538574
3668,4276.922852
3669,4278.974121
3670,4274.487305
3671,4273.333496
3672,4271.153809
3673,4263.589844
3674,4262.563965
3675,4263.461426
3676,4256.538574
3677,4246.025879
3678,4236.153809
3679,4224.871582
3680,4226.153809
3681,4242.05127
3682,4250.769043
3683,4245.256348
3684,4242.563965
3685,4247.179688
3686,4248.589844
3687,4245.641113
3688,4246.538574
3689,4247.307617
3690,4238.717773
3691,4228.205078
3692,4232.820313
3693,4248.461426
3694,4254.871582
3695,4243.333496
3696,4233.205078
3697,4237.436035
3698,4238.846191
3699,4231.922852
3700,4233.717773
3701,4230.256348
3702,4215.512695
3703,4217.820313
3704,4231.666504
3705,4228.846191
3706,4219.102539
3707,4214.487305
3708,4208.333496
3709,4197.179688
3710,4184.743652
3711,4180.256348
3712,4235.128418
3713,4236.153809
3714,4234.743652
3715,4227.820313
3716,4233.077148
3717,4249.487305
3718,4245.897461
3719,4231.922852
3720,4235.897461
3721,4247.307617
3722,4248.974121
3723,4248.333496
3724,4243.974121
3725,4240.897461
3726,4243.589844
3727,4238.205078
3728,4228.846191
3729,4232.692383
3730,4238.717773
3731,4234.743652
3732,4232.307617
3733,4231.025879
3734,4222.179688
3735,4215.256348
3736,4222.05127
3737,4230.256348
3738,4221.538574
3739,4214.871582
3740,4222.94873
3741,4226.410156
3742,4218.077148
3743,4214.871582
3744,4219.871582
3745,4219.102539
3746,4216.922852
3747,4218.717773
3748,4217.436035
3749,4216.922852
3750,4219.358887
3751,4218.846191
3752,4216.025879
3753,4220.512695
3754,4219.358887
3755,4212.436035
3756,4221.666504
3757,4230.0
3758,4217.692383
3759,4209.871582
3760,4219.102539
3761,4222.307617
3762,4214.615234
3763,4210.897461
3764,4207.692383
3765,4200.641113
3766,4201.153809
3767,4203.589844
3768,4192.436035
3769,4183.205078
3770,4187.820313
3771,4190.641113
3772,4188.717773
3773,4189.615234
3774,4186.794922
3775,4186.025879
3776,4187.307617
3777,4175.384766
3778,4166.922852
3779,4177.692383
3780,4184.871582
3781,4174.102539
3782,4165.769043
3783,4170.641113
3784,4173.717773
3785,4168.461426
3786,4165.256348
3787,4167.563965
3788,4170.256348
3789,4177.436035
3790,4185.897461
3791,4184.102539
3792,4183.589844
3793,4187.05127
3794,4177.94873
3795,4164.871582
3796,4161.410156
3797,4157.436035
3798,4152.307617
3799,4155.897461
3800,4159.487305
3801,4158.846191
3802,4152.436035
3803,4138.974121
3804,4137.179688
3805,4149.102539
3806,4154.615234
3807,4150.897461
3808,4150.128418
3809,4149.615234
3810,4150.641113
3811,4156.794922
3812,4157.820313
3813,4157.94873
3814,4166.922852
3815,4175.128418
3816,4170.769043
3817,4171.794922
3818,4186.538574
3819,4186.153809
3820,4171.666504
3821,4172.692383
3822,4187.05127
3823,4187.436035
3824,4179.102539
3825,4181.922852
3826,4186.410156
3827,4184.743652
3828,4182.820313
3829,4183.846191
3830,4187.05127
3831,4187.179688
3832,4176.794922
3833,4159.871582
3834,4152.94873
3835,4154.358887
3836,4155.384766
3837,4156.794922
3838,4160.769043
3839,4166.410156
3840,4157.179688
3841,4161.025879
3842,4160.384766
3843,4151.025879
3844,4150.769043
3845,4154.230957
3846,4152.692383
3847,4156.538574
3848,4156.025879
3849,4141.282227
3850,4142.563965
3851,4158.205078
3852,4157.692383
3853,4157.436035
3854,4166.282227
3855,4160.128418
3856,4153.077148
3857,4155.897461
3858,4145.512695
3859,4138.077148
3860,4149.230957
3861,4158.333496
3862,4150.897461
3863,4140.897461
3864,4145.769043
3865,4148.846191
3866,4138.717773
3867,4141.410156
3868,4156.666504
3869,4154.487305
3870,4149.487305
3871,4151.282227
3872,4142.05127
3873,4135.256348
3874,4140.641113
3875,4143.205078
3876,4141.410156
3877,4146.794922
3878,4149.487305
3879,4145.384766
3880,4143.717773
3881,4136.666504
3882,4121.410156
3883,4122.94873
3884,4138.077148
3885,4136.922852
3886,4127.05127
3887,4126.666504
3888,4132.179688
3889,4140.512695
3890,4135.641113
3891,4120.769043
3892,4126.025879
3893,4137.563965
3894,4133.205078
3895,4134.358887
3896,4138.717773
3897,4126.025879
3898,4119.230957
3899,4123.461426
3900,4120.769043
3901,4128.461426
3902,4141.410156
3903,4137.820313
3904,4132.179688
3905,4135.641113
3906,4135.641113
3907,4133.846191
3908,4137.307617
3909,4137.692383
3910,4136.922852
3911,4142.307617
3912,4145.384766
3913,4139.743652
3914,4137.94873
3915,4137.692383
3916,4127.692383
3917,4122.05127
3918,4128.589844
3919,4129.102539
3920,4121.538574
3921,4120.512695
3922,4123.461426
3923,4121.025879
3924,4120.128418
3925,4126.025879
3926,4120.384766
3927,4108.717773
3928,4113.461426
3929,4121.282227
3930,4118.846191
3931,4121.025879
3932,4122.94873
3933,4119.615234
3934,4121.410156
3935,4123.846191
3936,4121.410156
3937,4122.179688
3938,4123.589844
3939,4121.282227
3940,4115.769043
3941,4112.05127
3942,4118.205078
3943,4125.897461
3944,4124.743652
3945,4122.436035
3946,4122.05127
3947,4117.307617
3948,4101.794922
3949,4094.358887
3950,4107.563965
3951,4127.563965
3952,4136.410156
3953,4129.230957
3954,4127.563965
3955,4140.641113
3956,4147.820313
3957,4136.794922
3958,4132.820313
3959,4148.333496
3960,4157.179688
3961,4156.538574
3962,4149.743652
3963,4144.871582
3964,4149.743652
3965,4157.94873
3966,4158.205078
3967,4155.897461
3968,4052.05127
3969,4041.666748
3970,4041.538574
3971,4042.820557
3972,4033.718018
3973,4030.641113
3974,4041.410156
3975,4052.05127
3976,4049.358887
3977,4047.564209
3978,4051.281982
3979,4048.974365
3980,4043.205078
3981,4037.820557
3982,4036.410156
3983,4052.179443
3984,4066.025635
3985,4053.333252
3986,4043.333252
3987,4056.153809
3988,4064.487061
3989,4056.025635
3990,4050.769287
3991,4058.589844
3992,4062.820557
3993,4058.076904
3994,4056.281982
3995,4056.666748
3996,4058.846191
3997,4061.538574
3998,4058.589844
3999,4050.0
4000,4039.615479
4001,4033.718018
4002,4043.205078
4003,4053.974365
4004,4052.692383
4005,4054.230713
4006,4057.564209
4007,4063.076904
4008,4073.718018
4009,4065.897461
4010,4052.05127
4011,4060.512939
4012,4068.076904
4013,4055.384521
4014,4046.923096
4015,4059.102539
4016,4071.794922
4017,4069.102539
4018,4060.512939
4019,4057.435791
4020,4062.94873
4021,4074.102539
4022,4080.256348
4023,4072.692383
4024,4073.076904
4025,4081.281982
4026,4074.358887
4027,4077.05127
4028,4092.307617
4029,4091.025635
4030,4083.076904
4031,4089.615479
4032,4095.0
4033,4089.102539
4034,4090.128174
4035,4093.589844
4036,4090.384521
4037,4091.794922
4038,4102.179688
4039,4110.384766
4040,4108.717773
4041,4106.282227
4042,4108.077148
4043,4106.538574
4044,4109.102539
4045,4126.153809
4046,4137.05127
4047,4129.871582
4048,4116.538574
4049,4111.282227
4050,4122.05127
4051,4141.666504
4052,4138.077148
4053,4117.563965
4054,4124.487305
4055,4141.922852
4056,4139.230957
4057,4132.307617
4058,4134.743652
4059,4143.717773
4060,4151.025879
4061,4153.461426
4062,4161.282227
4063,4172.307617
4064,4173.974121
4065,4175.512695
4066,4183.846191
4067,4194.487305
4068,4198.333496
4069,4188.461426
4070,4185.256348
4071,4199.102539
4072,4204.230957
4073,4200.0
4074,4202.307617
4075,4195.769043
4076,4176.410156
4077,4167.05127
4078,4172.692383
4079,4182.307617
4080,4188.077148
4081,4189.358887
4082,4186.153809
4083,4183.461426
4084,4191.410156
4085,4199.871582
4086,4198.846191
4087,4196.538574
4088,4198.589844
4089,4211.025879
4090,4214.743652
4091,4202.94873
4092,4204.871582
4093,4221.025879
4094,4219.615234
4095,4214.358887
4096,4114.871582
4097,4114.102539
4098,4106.282227
4099,4094.487061
4100,4087.820557
4101,4096.666504
4102,4107.436035
4103,4109.358887
4104,4113.589844
4105,4114.487305
4106,4109.358887
4107,4117.692383
4108,4135.641113
4109,4142.94873
4110,4140.769043
4111,4147.692383
4112,4154.615234
4113,4143.333496
4114,4135.128418
4115,4138.974121
4116,4131.025879
4117,4126.410156
4118,4140.0
4119,4143.205078
4120,4130.769043
4121,4129.615234
4122,4136.025879
4123,4134.743652
4124,4141.282227
4125,4153.717773
4126,4155.256348
4127,4152.692383
4128,4152.179688
4129,4143.589844
4130,4135.384766
4131,4146.794922
4132,4157.563965
4133,4150.769043
4134,4145.641113
4135,4152.307617
4136,4164.102539
4137,4171.538574
4138,4168.589844
4139,4157.436035
4140,4155.769043
4141,4157.179688
4142,4144.615234
4143,4142.692383
4144,4148.333496
4145,4142.179688
4146,4144.487305
4147,4164.358887
4148,4177.692383
4149,4172.307617
4150,4167.307617
4151,4177.94873
4152,4186.922852
4153,4175.897461
4154,4169.358887
4155,4174.871582
4156,4173.846191
4157,4178.333496
4158,4182.563965
4159,4174.871582
4160,4169.743652
4161,4161.794922
4162,4152.94873
4163,4161.410156
4164,4170.641113
4165,4166.666504
4166,4165.769043
4167,4168.461426
4168,4169.487305
4169,4169.102539
4170,4168.461426
4171,4173.717773
4172,4168.974121
4173,4155.897461
4174,4159.358887
4175,4170.897461
4176,4169.487305
4177,4162.563965
4178,4165.897461
4179,4175.0
4180,4175.256348
4181,4166.025879
4182,4165.128418
4183,4171.410156
4184,4171.025879
4185,4166.153809
4186,4162.820313
4187,4153.589844
4188,4139.230957
4189,4138.589844
4190,4147.820313
4191,4152.820313
4192,4156.666504
4193,4168.461426
4194,4178.717773
4195,4179.871582
4196,4191.794922
4197,4203.461426
4198,4191.538574
4199,4179.358887
4200,4189.230957
4201,4186.794922
4202,4166.282227
4203,4173.333496
4204,4192.307617
4205,4188.846191
4206,4181.666504
4207,4187.94873
4208,4190.0
4209,4179.871582
4210,4171.410156
4211,4173.077148
4212,4180.641113
4213,4183.589844
4214,4182.179688
4215,4185.769043
4216,4191.282227
4217,4186.410156
4218,4171.282227
4219,4167.05127
4220,4182.179688
4221,4187.94873
4222,4173.717773
4223,4168.077148
4224,4169.743652
4225,4184.230957
4226,4175.128418
4227,4161.794922
4228,4176.922852
4229,4188.974121
4230,4172.436035
4231,4158.589844
4232,4174.230957
4233,4187.179688
4234,4176.538574
4235,4174.102539
4236,4188.461426
4237,4191.025879
4238,4182.692383
4239,4180.897461
4240,4184.871582
4241,4191.666504
4242,4193.717773
4243,4187.436035
4244,4187.436035
4245,4192.436035
4246,4200.512695
4247,4205.641113
4248,4192.94873
4249,4179.230957
4250,4182.05127
4251,4183.846191
4252,4179.102539
4253,4182.179688
4254,4180.897461
4255,4171.538574
4256,4173.077148
4257,4178.461426
4258,4176.538574
4259,4170.897461
4260,4167.179688
4261,4171.025879
4262,4169.743652
4263,4159.102539
4264,4161.794922
4265,4172.436035
4266,4169.743652
4267,4166.794922
4268,4166.025879
4269,4157.563965
4270,4144.358887
4271,4137.94873
4272,4146.666504
4273,4157.820313
4274,4149.615234
4275,4139.230957
4276,4150.641113
4277,4166.794922
4278,4166.282227
4279,4155.641113
4280,4152.692383
4281,4155.897461
4282,4153.461426
4283,4152.179688
4284,4148.333496
4285,4137.05127
4286,4133.717773
4287,4139.615234
4288,4142.05127
4289,4142.692383
4290,4142.05127
4291,4141.538574
4292,4146.282227
4293,4152.179688
4294,4154.102539
4295,4156.025879
4296,4159.358887
4297,4158.717773
4298,4155.0
4299,4151.666504
4300,4150.641113
4301,4153.974121
4302,4154.102539
4303,4152.307617
4304,4160.897461
4305,4170.769043
4306,4164.743652
4307,4151.922852
4308,4154.230957
4309,4165.897461
4310,4167.179688
4311,4163.077148
4312,4165.897461
4313,4170.512695
4314,4168.077148
4315,4165.897461
4316,4165.384766
4317,4159.358887
4318,4147.563965
4319,4132.307617
4320,4138.461426
4321,4161.153809
4322,4162.179688
4323,4149.871582
4324,4151.410156
4325,4156.410156
4326,4158.461426
4327,4169.102539
4328,4175.641113
4329,4168.974121
4330,4164.358887
4331,4167.692383
4332,4171.794922
4333,4174.615234
4334,4183.205078
4335,4187.05127
4336,4175.641113
4337,4167.179688
4338,4177.307617
4339,4184.871582
4340,4176.538574
4341,4172.94873
4342,4182.94873
4343,4188.717773
4344,4179.358887
4345,4175.512695
4346,4181.153809
4347,4176.410156
4348,4168.974121
4349,4167.05127
4350,4159.102539
4351,4154.743652
4352,4122.307617
4353,4126.538574
4354,4121.410156
4355,4128.461426
4356,4137.692383
4357,4129.358887
4358,4125.769043
4359,4139.102539
4360,4146.282227
4361,4142.563965
4362,4136.666504
4363,4131.282227
4364,4126.282227
4365,4123.717773
4366,4131.410156
4367,4135.512695
4368,4123.461426
4369,4117.820313
4370,4126.794922
4371,4130.769043
4372,4125.641113
4373,4123.974121
4374,4125.128418
4375,4124.102539
4376,4124.230957
4377,4134.487305
4378,4134.358887
4379,4118.974121
4380,4125.256348
4381,4138.974121
4382,4129.102539
4383,4118.846191
4384,4125.897461
4385,4132.307617
4386,4136.410156
4387,4140.769043
4388,4136.922852
4389,4136.410156
4390,4141.794922
4391,4139.487305
4392,4136.025879
4393,4139.871582
4394,4140.641113
4395,4137.692383
4396,4139.615234
4397,4138.461426
4398,4134.743652
4399,4136.282227
4400,4139.358887
4401,4138.333496
4402,4138.846191
4403,4148.974121
4404,4156.025879
4405,4145.897461
4406,4137.820313
4407,4141.153809
4408,4134.615234
4409,4123.205078
4410,4121.025879
4411,4125.128418
4412,4135.641113
4413,4143.461426
4414,4138.717773
4415,4136.025879
4416,4139.487305
4417,4136.282227
4418,4135.512695
4419,4140.256348
4420,4139.487305
4421,4138.974121
4422,4139.615234
4423,4136.282227
4424,4135.128418
4425,4135.256348
4426,4129.487305
4427,4123.589844
4428,4129.615234
4429,4145.769043
4430,4154.230957
4431,4145.128418
4432,4135.641113
4433,4140.897461
4434,4140.384766
4435,4134.230957
4436,4139.487305
4437,4143.077148
4438,4137.436035
4439,4135.512695
4440,4143.461426
4441,4149.871582
4442,4143.974121
4443,4134.743652
4444,4133.589844
4445,4136.025879
4446,4135.256348
4447,4137.179688
4448,4139.615234
4449,4136.282227
4450,4139.871582
4451,4146.794922
4452,4142.307617
4453,4140.128418
4454,4151.282227
4455,4159.615234
4456,4154.743652
4457,4162.05127
4458,4183.589844
4459,4183.589844
4460,4167.05127
4461,4165.0
4462,4177.307617
4463,4184.743652
4464,4188.589844
4465,4196.282227
4466,4207.179688
4467,4217.94873
4468,4212.563965
4469,4201.666504
4470,4207.563965
4471,4211.153809
4472,4191.282227
4473,4176.410156
4474,4185.128418
4475,4188.461426
4476,4179.230957
4477,4182.307617
4478,4186.025879
4479,4175.384766
4480,4231.922852
4481,4231.922852
4482,4227.436035
4483,4228.589844
4484,4235.256348
4485,4237.692383
4486,4238.077148
4487,4243.846191
4488,4244.743652
4489,4231.794922
4490,4225.769043
4491,4232.563965
4492,4239.487305
4493,4245.769043
4494,4246.538574
4495,4236.410156
4496,4230.897461
4497,4234.615234
4498,4231.922852
4499,4226.282227
4500,4230.384766
4501,4238.077148
4502,4237.820313
4503,4232.307617
4504,4224.487305
4505,4218.205078
4506,4222.179688
4507,4234.615234
4508,4239.102539
4509,4233.077148
4510,4233.589844
4511,4237.692383
4512,4232.692383
4513,4225.256348
4514,4225.256348
4515,4231.922852
4516,4235.641113
4517,4231.153809
4518,4228.333496
4519,4235.641113
4520,4234.102539
4521,4218.077148
4522,4211.794922
4523,4217.563965
4524,4220.0
4525,4218.974121
4526,4218.461426
4527,4215.512695
4528,4212.94873
4529,4216.282227
4530,4217.692383
4531,4212.94873
4532,4213.461426
4533,4218.846191
4534,4218.333496
4535,4218.846191
4536,4219.743652
4537,4213.717773
4538,4213.205078
4539,4216.410156
4540,4211.794922
4541,4212.307617
4542,4221.153809
4543,4216.282227
4544,4202.94873
4545,4201.538574
4546,4198.717773
4547,4187.94873
4548,4191.410156
4549,4205.256348
4550,4204.871582
4551,4201.538574
4552,4200.128418
4553,4188.461426
4554,4182.436035
4555,4187.179688
4556,4185.512695
4557,4182.563965
4558,4183.205078
4559,4176.410156
4560,4165.0
4561,4167.94873
4562,4176.922852
4563,4172.436035
4564,4165.128418
4565,4165.256348
4566,4158.846191
4567,4150.384766
4568,4155.0
4569,4157.307617
4570,4152.307617
4571,4155.769043
4572,4158.717773
4573,4155.897461
4574,4155.0
4575,4159.358887
4576,4161.153809
4577,4154.871582
4578,4151.282227
4579,4151.666504
4580,4151.282227
4581,4150.641113
4582,4153.846191
4583,4162.05127
4584,4167.94873
4585,4162.563965
4586,4152.563965
4587,4155.0
4588,4157.94873
4589,4149.871582
4590,4151.025879
4591,4168.461426
4592,4181.025879
4593,4171.025879
4594,4162.692383
4595,4174.743652
4596,4178.461426
4597,4159.487305
4598,4146.794922
4599,4159.871582
4600,4172.436035
4601,4169.871582
4602,4163.846191
4603,4164.102539
4604,4166.410156
4605,4168.589844
4606,4172.820313
4607,4180.0
4608,4300.128418
4609,4292.820313
4610,4284.615234
4611,4277.436035
4612,4268.717773
4613,4270.512695
4614,4287.563965
4615,4299.358887
4616,4296.153809
4617,4295.256348
4618,4295.256348
4619,4286.538574
4620,4279.230957
4621,4277.05127
4622,4277.692383
4623,4283.077148
4624,4287.94873
4625,4281.794922
4626,4277.563965
4627,4281.922852
4628,4282.692383
4629,4274.358887
4630,4269.871582
4631,4277.563965
4632,4277.692383
4633,4267.179688
4634,4264.615234
4635,4265.512695
4636,4262.436035
4637,4257.94873
4638,4253.205078
4639,4247.436035
4640,4239.743652
4641,4229.102539
4642,4228.333496
4643,4229.230957
4644,4220.256348
4645,4222.692383
4646,4231.922852
4647,4232.436035
4648,4233.205078
4649,4227.05127
4650,4216.410156
4651,4217.820313
4652,4218.846191
4653,4200.256348
4654,4184.487305
4655,4193.846191
4656,4202.820313
4657,4192.820313
4658,4183.589844
4659,4183.333496
4660,4182.820313
4661,4187.820313
4662,4188.333496
4663,4172.820313
4664,4167.563965
4665,4173.333496
4666,4169.102539
4667,4167.307617
4668,4166.538574
4669,4154.230957
4670,4148.717773
4671,4157.05127
4672,4152.820313
4673,4138.205078
4674,4136.666504
4675,4142.436035
4676,4136.794922
4677,4130.256348
4678,4136.025879
4679,4139.615234
4680,4133.589844
4681,4123.205078
4682,4119.487305
4683,4121.666504
4684,4121.922852
4685,4129.230957
4686,4137.820313
4687,4129.230957
4688,4108.589844
4689,4100.512695
4690,4105.512695
4691,4111.282227
4692,4106.153809
4693,4091.281982
4694,4093.205078
4695,4103.333496
4696,4093.461426
4697,4080.384521
4698,4085.641113
4699,4092.564209
4700,4090.256348
4701,4093.718018
4702,4109.102539
4703,4125.0
4704,4127.94873
4705,4122.820313
4706,4129.358887
4707,4145.128418
4708,4141.025879
4709,4115.256348
4710,4105.256348
4711,4109.615234
4712,4101.025879
4713,4087.307617
4714,4078.846191
4715,4062.179443
4716,4040.128174
4717,4033.333252
4718,4035.512939
4719,4031.923096
4720,4029.743652
4721,4036.794922
4722,4039.615479
4723,4026.538574
4724,4020.384521
4725,4026.025635
4726,4031.923096
4727,4032.820557
4728,4028.205078
4729,4030.0
4730,4033.076904
4731,4026.666748
4732,4028.718018
4733,4043.846191
4734,4047.94873
4735,4045.256348
4736,4058.205078
4737,4059.871826
4738,4046.153809
4739,4025.512939
4740,4017.564209
4741,4030.0
4742,4038.846191
4743,4036.153809
4744,4041.281982
4745,4043.589844
4746,4036.410156
4747,4040.128174
4748,4050.256348
4749,4053.846191
4750,4052.692383
4751,4048.974365
4752,4048.076904
4753,4044.487061
4754,4040.128174
4755,4038.846191
4756,4029.487061
4757,4024.102539
4758,4032.564209
4759,4034.487061
4760,4026.281982
4761,4024.230713
4762,4022.05127
4763,4013.461426
4764,4019.615479
4765,4032.179443
4766,4027.692383
4767,4017.307617
4768,4021.538574
4769,4022.179443
4770,4005.384521
4771,4002.820557
4772,4016.410156
4773,4013.974365
4774,4004.743652
4775,4009.358887
4776,4022.307617
4777,4027.820557
4778,4026.025635
4779,4021.923096
4780,4020.384521
4781,4018.076904
4782,4008.333252
4783,4001.794922
4784,3991.538574
4785,3980.769287
4786,3990.384521
4787,4006.153809
4788,4011.666748
4789,4010.128174
4790,4008.461426
4791,4007.307617
4792,4007.94873
4793,4003.718018
4794,4001.410156
4795,4007.435791
4796,4007.179443
4797,4003.846191
4798,4005.769287
4799,4005.512939
4800,3994.743652
4801,3982.94873
4802,3981.666748
4803,3986.923096
4804,3988.846191
4805,3987.94873
4806,3989.358887
4807,3987.564209
4808,3986.923096
4809,3991.794922
4810,3994.102539
4811,3990.897461
4812,3981.794922
4813,3970.384521
4814,3973.205078
4815,3988.846191
4816,3992.435791
4817,3982.05127
4818,3981.538574
4819,3990.0
4820,3990.769287
4821,3984.615479
4822,3984.871826
4823,3990.0
4824,3989.487061
4825,3988.589844
4826,3987.179443
4827,3978.718018
4828,3969.102539
4829,3963.846191
4830,3969.615479
4831,3989.102539
4832,3997.820557
4833,3993.333252
4834,3998.974365
4835,4006.794922
4836,4013.718018
4837,4020.256348
4838,4011.538574
4839,4003.974365
4840,4012.179443
4841,4007.179443
4842,3993.846191
4843,4001.538574
4844,4009.615479
4845,4004.615479
4846,4004.102539
4847,4007.435791
4848,4007.307617
4849,4004.487061
4850,4005.128174
4851,4012.564209
4852,4019.743652
4853,4019.615479
4854,4017.307617
4855,4023.718018
4856,4032.435791
4857,4026.794922
4858,4015.641113
4859,4015.512939
4860,4021.281982
4861,4024.102539
4862,4028.076904
4863,4031.794922
4864,4363.077148
4865,4367.436035
4866,4363.974121
4867,4354.743652
4868,4357.820313
4869,4367.563965
4870,4367.436035
4871,4362.94873
4872,4365.512695
4873,4361.282227
4874,4358.333496
4875,4373.589844
4876,4382.820313
4877,4374.871582
4878,4367.94873
4879,4365.384766
4880,4364.230957
4881,4369.102539
4882,4368.846191
4883,4362.820313
4884,4366.922852
4885,4368.077148
4886,4364.615234
4887,4368.077148
4888,4366.025879
4889,4357.307617
4890,4350.769043
4891,4343.974121
4892,4339.102539
4893,4341.666504
4894,4340.512695
4895,4336.410156
4896,4334.487305
4897,4329.743652
4898,4325.897461
4899,4319.615234
4900,4315.0
4901,4320.897461
4902,4319.102539
4903,4307.820313
4904,4309.871582
4905,4312.563965
4906,4306.794922
4907,4308.461426
4908,4307.307617
4909,4295.512695
4910,4286.153809
4911,4280.512695
4912,4275.512695
4913,4277.94873
4914,4276.025879
4915,4265.384766
4916,4267.436035
4917,4279.615234
4918,4279.230957
4919,4264.358887
4920,4252.94873
4921,4247.05127
4922,4247.436035
4923,4251.410156
4924,4242.563965
4925,4228.333496
4926,4225.384766
4927,4229.487305
4928,4232.820313
4929,4234.743652
4930,4231.794922
4931,4227.692383
4932,4224.358887
4933,4216.666504
4934,4216.153809
4935,4229.487305
4936,4239.743652
4937,4230.256348
4938,4215.897461
4939,4216.410156
4940,4216.922852
4941,4205.512695
4942,4200.0
4943,4204.102539
4944,4203.974121
4945,4202.692383
4946,4202.692383
4947,4197.692383
4948,4197.436035
4949,4204.871582
4950,4199.615234
4951,4188.846191
4952,4191.410156
4953,4193.974121
4954,4187.436035
4955,4187.307617
4956,4190.128418
4957,4180.641113
4958,4165.641113
4959,4154.871582
4960,4155.897461
4961,4167.05127
4962,4171.282227
4963,4167.94873
4964,4162.307617
4965,4161.410156
4966,4166.922852
4967,4171.282227
4968,4175.384766
4969,4180.512695
4970,4174.358887
4971,4168.205078
4972,4180.641113
4973,4190.384766
4974,4187.94873
4975,4186.666504
4976,4189.358887
4977,4193.717773
4978,4194.230957
4979,4190.256348
4980,4183.717773
4981,4177.179688
4982,4174.102539
4983,4176.666504
4984,4172.692383
4985,4158.077148
4986,4154.102539
4987,4156.922852
4988,4146.922852
4989,4130.384766
4990,4122.307617
4991,4123.333496
4992,4248.077148
4993,4248.077148
4994,4244.871582
4995,4242.179688
4996,4258.461426
4997,4267.820313
4998,4249.743652
4999,4247.94873
5000,4267.692383
5001,4264.102539
5002,4246.025879
5003,4250.256348
5004,4251.025879
5005,4234.487305
5006,4236.282227
5007,4248.333496
5008,4246.794922
5009,4242.436035
5010,4246.922852
5011,4246.794922
5012,4233.974121
5013,4230.512695
5014,4239.871582
5015,4240.641113
5016,4230.128418
5017,4230.641113
5018,4233.846191
5019,4220.128418
5020,4214.615234
5021,4225.0
5022,4225.769043
5023,4217.820313
5024,4217.05127
5025,4219.615234
5026,4219.487305
5027,4218.846191
5028,4215.769043
5029,4213.205078
5030,4214.743652
5031,4214.230957
5032,4211.025879
5033,4205.128418
5034,4201.025879
5035,4207.307617
5036,4214.615234
5037,4205.512695
5038,4190.897461
5039,4184.615234
5040,4183.461426
5041,4190.641113
5042,4197.94873
5043,4191.922852
5044,4184.743652
5045,4179.358887
5046,4177.563965
5047,4182.307617
5048,4176.025879
5049,4162.820313
5050,4164.487305
5051,4170.128418
5052,4170.897461
5053,4175.128418
5054,4172.692383
5055,4167.179688
5056,4166.922852
5057,4157.563965
5058,4149.358887
5059,4153.717773
5060,4161.794922
5061,4166.538574
5062,4162.436035
5063,4150.897461
5064,4141.153809
5065,4137.820313
5066,4139.358887
5067,4139.615234
5068,4139.230957
5069,4150.0
5070,4165.256348
5071,4160.384766
5072,4144.230957
5073,4141.025879
5074,4145.897461
5075,4140.384766
5076,4123.589844
5077,4111.282227
5078,4108.077148
5079,4105.512695
5080,4102.179688
5081,4100.512695
5082,4092.692383
5083,4078.718018
5084,4072.692383
5085,4074.102539
5086,4075.0
5087,4075.256348
5088,4074.358887
5089,4076.281982
5090,4086.153809
5091,4094.615479
5092,4093.846191
5093,4097.563965
5094,4115.0
5095,4141.538574
5096,4163.333496
5097,4180.0
5098,4194.487305
5099,4192.307617
5100,4182.820313
5101,4185.384766
5102,4188.205078
5103,4183.205078
5104,4186.666504
5105,4197.436035
5106,4197.307617
5107,4193.205078
5108,4188.717773
5109,4181.282227
5110,4184.743652
5111,4190.0
5112,4168.589844
5113,4146.666504
5114,4152.307617
5115,4148.974121
5116,4139.743652
5117,4152.692383
5118,4156.025879
5119,4137.94873
